,itemId,variantIds
FC10,2a22068a-69db-44cd-b844-1177779d1b4d,"5b098a40-cfe3-4c77-b355-2cc503fa651c, bb7fe057-2dd0-492b-ba09-5d5f6d008b7e, c53f7b77-782a-4091-9a94-1ccfc21855f9, 58f3a10f-32bd-46ff-a093-a79b9bb64872, f1fd5fc7-eae5-4d4c-8610-31161040b178, 0b238975-5287-49c2-af89-cb795775f39d, bcb1c121-0677-4f49-baf3-09343e984ec6, 0198c8f8-21a9-4fd3-a73b-eecd67971335, 4b2e92a9-3086-4363-974a-2601a5842e28, ddeb9a58-d898-4bc3-9244-746f25e30157, 59aad686-b2f5-475f-a988-224ebab4457f"
FC14,d71b83cc-45ea-4f68-99f9-28a8276cd26f,"8802ba70-edf7-4c47-82e7-2bc1b6a4cbd0, 5184dbb4-e4a4-4d25-8028-f1bff7dca0e2, 1e8b931b-467f-4163-9c57-9d8da7ca4dc1, 2820b664-64fa-4e62-9c51-e6657636ce46, 85af1064-db6f-4ad6-b52d-3107ac9fb070, 4a570458-8d04-42bb-bfda-116d5116c306, 3cc8f0d3-39a8-4769-9274-cda45d2788ad, 5b1e0df5-e7ed-40d4-be4c-6e5482d1d684, 1dcbf48f-a4d5-4ecc-b6a6-e09d8bcd8b45, de625cc5-c9d4-4b22-bff6-d8103dc1827c, 1af96631-e59e-44de-89e4-222fdb032754"
FC75,816bfbb4-a81a-46f7-804c-264f327e0a5d,"ab720ba0-5951-422f-8b87-3124d260a136, 910cad97-833c-4c56-806f-af4b62c5891f, 57527b84-2097-4c4f-8d57-117fefe5d15d, b71b66a6-f40b-4e2b-b48a-e4957cc7de2c, 98b3a285-9da6-45db-84b7-e07e2bb7471e, d72fdc4a-bd47-4f37-9fa2-075e6513a2f8, c1751f39-7efb-4e05-b516-7f81b1d0110f, 51db1a41-20cc-4676-83c4-9658e7f0b410, dea9c0c6-e47d-4044-abfa-d35d0d7109fd"
FC63,a9fc5690-7f34-4d7e-9f64-54ecbccabd35,"9996b25a-5b29-4124-88b1-7f88a9143403, a43ec00c-ae54-4312-ad00-c1a9466ad905, ff333c36-3fa1-4109-88bd-81c8c9dd587f, 8061ed66-7731-4a14-81b9-715026b82147, 35dd0b06-0860-4a62-8b38-994ff46f7127, 1c260dc6-2627-4557-af24-7c14e15544a5, be9c954e-0853-4694-aab5-be2da57e919f, 584e3f60-7fcf-42b0-b554-3d538f7fdf76, 8918cd98-e665-4fd9-866f-556b756d8147, e42b650a-40c2-40ac-bee1-40701d90948c"
FC65,f0c1cc47-7392-4b18-a00f-8163842c499c,"483b4198-b475-494c-89b8-1bf46cb9dda5, 708bed6b-918d-4308-8269-801369837733, 25c9f0d3-4a4b-4bf8-9e9e-043127140098, 8504ff65-5eec-4421-ac57-01405896b6b9, d726ccb8-cf58-4020-9bd5-15e29d6b03ad, 6bb5032c-5f02-42ca-ac05-771cd6d9af0d, 8f34029c-0933-46a2-bdfe-0060e72cc345, abee9ba3-85b4-48da-b1f1-22c8712ee321, 94d4c2e1-acf7-401a-8f5c-4fda55ef8577"
FC90,0a71c59b-925c-4315-b7a8-dddfedd582a0,"0cb391ee-e079-4cab-80e0-4a9f89c8b150, 3aea6bb0-356e-46ba-92b5-6107d6c2b48d, 70538acc-cd58-450a-a765-2e1cbe1f0a5b"
FC94,0920f21b-02d5-419e-b423-a3d1ed59ef37,"76d33fa4-7be6-48b1-940c-00764fd48688, f7728186-ce76-47ee-9b67-265c6e471e30"
FD10,d9fdde9c-c542-4160-a71d-4d9dcdf0c7e1,"a6d618e4-bf97-42cd-81df-9efabf8d544d, ebab532b-e295-494c-8689-5503bee397af, 8e6e6e08-1f50-4f66-a0a3-83d0f4667b00, 1d19002e-1717-4c49-bc2b-9539fa43dddf, 2afe933a-08b0-4007-b4ef-b815431ac0a1, 0cf347a7-e609-4ece-8b33-75866c558221, d39fbb3d-dfbd-437e-b246-ae4641f8a0cc, 82275d6b-99ac-4196-b753-a332daacb29a, 8bbc7f8a-f8c6-42ed-a199-568b671dd4ee"
FD90,8f2f6407-504f-4b4e-93db-fdaba5007af4,"a96730d5-5a4f-42cb-97ae-da832abfd215, 6db266c4-c4f8-4cff-bb22-b2d871527963, cd524fdd-85c8-408c-aea1-d8c6065d6303, c12e74f0-7c8b-43a9-a023-9d4adaa5d4a1, 66d68a6c-44fc-46ca-a9ab-682b25f78c9c, e97d5cec-cb9b-4a77-b3f7-082777540bca, 80c263b7-5e5b-4ffc-979d-c0bee6c8e964, e95d2cf6-eb0e-4b55-965e-2c3fb7288827"
FD95,13f212e4-b304-42c9-990c-693f2fee8294,"8ecec47b-8573-4a30-8e59-e79ea7b1c686, f59f745f-f643-4280-aad9-0395db2a1937, 23ba2587-20a1-483b-a218-e0dc503333ac, 16429535-6b6c-4956-9013-18b9f921749a, 3c28f598-cf3c-4190-aab5-d99e3b3316ca, 1f8cd323-94c1-417d-a75e-697feb505881, 573f38a5-ff8d-4d8c-bf34-868ef10379b4, 867e511a-ad2b-4bac-afb0-2f47f6ba4f70"
FT63,e5c9ed3f-96e2-4bf0-b0b0-d7906a6a8c80,"f7d7c2fd-8db7-42d1-a00e-2dddc1c77602, 23539e58-56aa-457a-a0d5-0a2b7e7580c5, 0ac8a358-b3c4-472c-891a-d97a42cfdda9, b4f38efc-b10d-4559-8bdd-471ad5b8b14c, f93cdcd5-7f06-4c72-addf-4e567e9a6d38, 2a201166-1cb2-442e-87f6-9f53673fab85, e37c51e9-dd81-453e-b65d-b09e837891ab, ef370f82-1855-4544-957f-99953d8bf8e1, 01caffe8-d3e7-454d-88da-395ebe6cfa25, 0548792b-a30d-4f9c-8ec2-08968b938547, 6c9fc32f-83ce-451b-85a1-f264b7970956"
FW01,854f508c-7790-4969-99bc-cd4e01b49414,"792f3fc6-8b9b-43e6-826d-7d1597d2c906, 49c7fdef-5065-4770-ba7a-43a212280dd1, e122870f-0637-4eee-88e7-353322469263, 91fc1ac9-91cd-4597-9806-c570eda3023c, 6c6583fa-d755-4e62-9d19-6910be4cb47d, 036b937e-4d32-4d8c-b928-9347b544ce6c, 80b64e4c-f786-44c2-b79b-99aba63abe5b, e04952d2-10d8-4b4a-884b-88fc11a52b9b, 9c707c4e-f0ba-4e90-a583-d32ff1c118e3, c743d6ed-2014-4a66-b354-a51f7773e5d4, ea7d35d4-a670-41e2-9051-d6bb10a68e92, 13a9584e-15b7-4a04-a28f-dd1f8acac357"
FW02,fafc55d5-f20a-434c-af29-3928037ce365,"85322d6b-9988-4db9-b493-54f021340a7f, 7d61f56a-0835-4a22-87fd-1702281e67da, 83e77350-6706-4938-8b15-6eb17cc611ce, a9912e93-5a79-4eb3-8988-80a64884afba, 7902849d-132c-4221-a991-945de876cfbe, 2b8d861b-ac5b-4e80-a00f-46e622d05b7e, 0861c169-2a2d-4a59-b355-c94e2c6c3afa, c1287b95-de9e-4bce-a653-de38459dc979, dc52e360-3e25-42c4-a75f-d3ffe718fd45, 8dcc0d15-3bed-4f75-ab3e-b3ebfbd7fcb7, d7094950-e32c-48cb-82ed-23cdc48defc5, 0c9f8563-f582-4f92-ac0d-54f18214eaea, a66dc127-fd9d-4f92-8ef3-d5a5e02af6a3, 3d532c97-3716-498c-82cf-15c57a8967c8, 84160563-f63c-49c6-8fdc-150a773203e8, f6a66234-4be2-4afd-b9b7-d1e4331ce525, 4073e8c4-a4d7-4bcf-a1c3-9de164fc8af4, 1d7d00bd-b7a4-4e92-a16a-69cf6a000257, fbf1d367-bfe1-4e3b-84be-b650c6a820c0, ab623a20-929d-41e4-b6d0-222370091cc3, 2399dfcb-c93a-439b-8a8d-605e408a76f8, 240e7254-c1de-4ff6-8838-f223ead79334"
FW10,53b0ef59-df25-4fc0-81df-112adda9427d,"04df1b22-c007-4077-88b2-210ba7172528, 63aba712-284a-4119-80a3-acf26f57364a, 22ecfc21-3a71-417a-836d-ae14c68af88d, 8f77c244-a1eb-4983-9010-469a83f5a2e2, 4e91139c-49db-4e25-b5d3-b4e92ab47943, 6d8ac71a-ca4e-41c3-bd29-ffcf02e22cb5, ee2c1037-aee2-48c0-97b0-684376b41f54, c4c7155e-f0c3-4b81-be40-7e8eb9325ee3, 3a0e80f6-30f5-4e95-894b-c8f8293ae7f0, 3edbc855-f2e6-4010-a149-d2a28cac7448, 2ec19ec6-caf9-43d6-851e-fe4157e6bd23, c0bdf017-5cd0-41a0-807d-01b2fa77b5e7, c4f99231-2453-4abd-bff1-f15d90bb2a41, e2f20ef1-4375-4dae-9c74-20594baf6fa4, 7b84a08c-b4fa-4a50-84a9-0c91c9c5570d, 679adeea-9e4c-4b13-b5bd-630245da645d"
FW11,6337a480-d66c-49a4-838f-461a81e383df,"6b18732e-046c-4ba2-bf59-4fe98fe5ca76, 8d329e1f-53f0-4170-a038-49cd9bc4d14d, bd80ac1a-657d-4d70-90e0-665f1b122d77, 83f1d056-8ef8-4c7f-b97e-a5162d69cc76, 79598c9d-e974-4e98-89c5-ecac72764df8, 03ecd17e-ba61-40b6-b2ae-8512d0ce2a56, 119c9adf-4965-4b5f-bf46-4f5579618223, 67544388-0cab-4069-a665-5deae9871f00, 95a2a810-c492-40f3-9048-7a77890c0f83, fbf858ad-23c8-4c8b-ac5d-3637d47a8d76"
FW13,c55aeb2f-d341-428a-bfd9-9499ad2bb1ea,"b747dff5-3e7e-489e-812c-dbe628ef76b4, 8ed52392-7174-4242-b7ca-8489654fb674, baac5c47-8248-4e89-8848-980da9c60e84, 85dec4fc-ef82-4a89-94a3-4980e2d31461, 2f7b0d16-fc66-4b6f-b147-54e079744514, fa7f9eec-b6a8-4156-94c1-ae48669638d0, fda87362-26e9-4b01-8350-4e2ea5b592a2, ed08ae26-b6de-4e60-ab0f-99cb76624ebf, 5f2ea61e-2e07-4b4f-b9e8-97e19f084cc6, 66a04d19-66fe-483b-abf1-06adcec13235, 8b2b5069-1d38-463e-b12c-65bb0fb32889, 850c2075-49a0-42fc-b593-177988db9ba1, 21307e85-f2f9-4701-9def-0e6d06d0c410, df46ba3f-3f5e-466a-81de-5ada0854ad9e, cfca4d15-2eda-4dcd-913f-c0ce495ebc23, a25403b3-549a-493d-ac67-718b91e1b5bd, df40437f-b908-4068-be01-eb5f8a6531a8, 9512888d-1cbc-457a-9afb-5246497dd38d"
FW17,727b4436-ea34-4aa6-abc4-6a2b996d8d74,"b59d549d-0328-48f9-afbd-d2efb0cfab82, 0b34bb20-9cfb-4b7e-b2a6-6f6b410d053e, 2f945685-4510-4482-88e3-1a9e2ba13f5d, 0683492e-9edb-485e-898e-32a605af7863, ba7d6ff2-b098-4194-93b9-d52e1c11842a, 7196dc00-e7d1-47b3-bc97-c9278c782ed6, 750e2aae-e7b1-4485-90c1-f91556aa5689, a1fa3abb-4cc3-4c9e-a289-6403b6661966, 3e00bd5f-c7fc-4284-86c1-241d11ecddef, d396fd76-e499-441e-b22a-e36b54b224c3, b7dff508-38b0-4647-9c9d-04574d665557, b2020805-9369-4361-8daf-369c4bd85c9e, bdd6f8c9-c60a-490f-9557-960ae412d1bb, 0360a376-3b0b-4055-8a15-0bf6c3abbf95, f154f6f0-2eba-4e9c-a13b-0fc7c8610aaa, 6c83f527-585c-4b8a-96b6-8c59fe760342"
FW14,1ece5de9-8904-4775-9b5c-2674c93e669e,"4d0a4041-3ca2-4f60-8100-7d2519a93088, 4d2d5eca-40ec-4e4a-b7ae-5a664a8bab5c, e013f1a0-a8e1-459c-99d4-06fe0da09203, eef71e84-2938-4806-a375-78accccee98b, 1c988fab-cd01-4514-82da-45a2c0e4db65, 0bc48de6-5ede-4c3b-bf0c-e54d69b237b7, 7d25db1a-69a5-4d57-8492-c9cc76d02fac, d2117c97-68f9-4370-b87e-9db9668ae4a9, 7c0bc717-c089-43f0-8d61-44bf9cd3e8a4, c3d5cbc8-9a7d-48b5-a592-ac1af76498af, 61d94c30-1cca-499f-85bd-c2d1f78fdeb1, d119ad4b-035e-428d-94bb-fd39e12cb4a2, 5d1ec709-43c0-40fb-826e-f4f04217b975, 51069385-b7df-46b2-98a0-d6bbf96cb04b, d8f197f1-2221-478f-b2dd-e075cedfebf1, f2dd56d4-09fa-4537-a5ca-b02c625f4e91"
FW22,68c140e1-5750-45a5-94f6-0067210f7a11,"88be5735-4307-4b65-ac59-165b7935f9db, a69ba78e-7408-4b76-aef7-d92a5f29f363, 2b4688e6-2c3f-482a-ae08-e18c6a569161, 47d3bd5c-4808-4ebd-b7da-aba6cafcee8d, da93a0ca-f7cf-47ab-9544-b976e295981a, 0c5e76ba-b21f-442c-90dc-b1a9607231b0, c39a94de-8641-4669-8fec-f03f9fc3b760, a936ce19-775a-496d-8dc5-20c8c3c07fcf"
FW25,c684c86b-3f22-403a-8686-0d76fad26d86,"1a16f61b-ba36-4bd9-b13a-30313e602c56, 857afe03-739d-4e1a-968e-cb7fc224334f, f3e15189-71e5-4f67-b2ea-e33f0cb86b8d, 85cfc1ba-ec1d-40a8-a844-7af78b00eaec, faa2ec73-432c-4c0d-9799-7b1fe1f20dfa, f9b276df-271f-44ca-b1e5-f6c3bdde493f, fad7d83e-295b-42e7-8d78-6d292ed17255, d0d5d512-8f3d-4b3d-9273-2d7986cb8901, 2db22dfa-aa32-4ab6-8b67-d0c7d97da325, dcc92695-39e1-4a5b-b893-d7d85a6b6e1f, d6b25431-2c5f-4f6a-9bc3-93eae50d52e2"
FW26,dd9fbd14-b573-4ecc-9f2d-315249decaf5,"ea624a4e-529c-474e-9bff-982400c32981, 17cad0ed-fea3-4f87-aecb-4f0483be75c1, db5225ba-97a2-4edc-9454-89d58e7c9c52, 4de2612d-87df-444b-9f30-1d23cc02bbf9, 4537b36a-3e72-4a6a-bd15-d3147c31aec3, 1270264d-7756-45c4-a8e9-bd6f8c3954ac, c8b2e42a-2404-4ff5-b0ed-94c281b1be9c"
FW33,5f317378-9b87-4ac0-a47d-de0a19130aa4,"2795fdc6-7e48-44e2-84fb-c2f4a3231814, 900f0436-5219-4cfa-b665-188f9cd135f9, cec2fe95-2712-4151-95af-576215450189, 9d2138ba-a004-44c2-824f-8c9074f8f46d, 5cd6a7e7-2490-4399-ae9c-f2941e62fc9e, 76378eac-b5cd-4e26-b19c-e85b2d449fda, b44a8ebb-3a57-426e-a000-a7570dea6cf7, 6668882c-df9d-4ee8-ba55-0eb3b7ce57ba, 9e2fec1c-ce07-471f-bc3b-8529762646a6, 0792f247-2be5-4773-a8e1-28b0d031b148, 369388e6-af90-4745-a348-a4f0d07ac63f, ac4bfa7b-53bc-4de6-9629-f92b6ae8807b, ec515d79-5b8a-429b-b6e9-f28195220a31, 2e5ac7c6-17e7-4d94-a515-6e7994778648, fff3edfe-c2dd-40d8-bd41-3b373385858f, 498bdf9c-c04b-4c0c-a790-722ea1520ec4, 3b248944-ba01-4610-ae3d-b7f2d838c6b6, 2ce4a229-daf8-45ca-8aba-08789a476e1b, e8fd2d3e-429d-49d9-9891-9243ff8ee159, 09a8675d-4c1f-4f57-b4a6-fb966c6bc72f, cf919ac9-7504-41b2-84a7-486daa278bd9, 8f4cb626-c30d-4637-acf2-445088d28540"
FW35,ca2105e2-0aa4-4b66-ad48-0f812ea30882,"56669585-2a24-4f09-834d-d46527808480, df558015-295f-47c0-a126-0ed5338250c5, 44b783f5-fcfe-4f8b-a69e-efa81d62361b, fa10134a-326f-4802-b160-4ef7c12562d2, 65896781-d051-474e-a308-2eca05e030b0, 80ed2778-bfa6-4262-a562-0afc6501092a, e1de3615-2f6b-45ff-99eb-25888c78a1cf, fa783d27-5726-47d4-93c5-0917bb78f4d7"
FW41,0a942cc0-1f5d-4e20-81fc-a44e0edba653,"4a596cd1-a66b-46f1-af3e-64d79c5bb3d6, c2e4c48f-89c3-42ec-8c77-4c88c156218e, 826bc323-dda4-473c-b76b-1d7c612b1f1b, 168e1641-e747-4e56-a7e7-988cad8be75c, be21731f-177e-4d7d-9715-47620f7b7e32, 95a5fd40-b41c-4646-ba58-8cdfaa6f43e6, 5b16723b-7f9c-4ecb-9a7e-faeb0e1f9bea"
FW46,f8c7b843-1fe7-4043-8dd2-a1e7f8f1c401,"70eb6f06-2c21-45ae-bb34-7bba6827b804, d7e048c8-e17b-4026-b2a7-c5cb01781a97, 3ba6c527-5460-4d92-9988-eeeb0d7b3bbf, fd8aa84a-67e3-491f-8c8e-9af38af85c77, 83125960-6f78-40ce-b103-0081b6310c9e, a3360e44-ab6f-4eb8-a9ff-cdfc5fbdb2df, d1487fc0-974e-4930-af97-61dc10bce13e"
FW48,84bc8962-bbf1-4280-a5b1-691f80268d1c,"1760a99f-a7dc-4071-a19e-39627016bff7, fe65b4ac-1d8a-4a02-af8b-746cbb425d97, eaca33d9-e229-4ce6-ba23-cba14f244073, 28ba33a5-817a-4465-bb73-2298579a4fff, 6e303f3e-2921-4d7e-8b71-66d06c1fb194, d608d7c4-be14-452a-afdd-d48662b595b0, b60d0bb6-ac7d-4e5a-8f41-04fc9aa4f233, c4f38879-20a8-4cc8-bc64-1db245213f9a, 20cd9f7d-cadf-4843-a0e6-a0e0a7968f9c, bf26d10b-97f4-4889-b470-b48984452fb5, 6360a102-f365-40dd-ac78-69f2c3511435, af4a09dd-8d9e-4190-bf11-ba3cdde487e9, 55c066d3-64ad-45d5-8c4b-1a5bd2fec1c5"
FW51,4c1e0ac7-df6f-4932-9506-e0e3f31168d8,"fbb6fb8b-690c-448d-976b-ddde5502e150, 686da1f3-5427-4e99-97d3-ee673973ee74, 6da03c38-0757-43dc-ae11-fc2ba2e201cd, 75bb7c0e-6805-4c01-9a62-bbe903a1c7e4, fb2f3975-c22a-4432-829c-8dfaaa47fb39, df851332-8428-4851-be19-245bc4edbd73, 04529b86-7d23-4680-b62e-188b429bcac2, 1dfd1290-43ac-4af3-ac59-91a4c1a13226, e5ee5697-a08a-40fc-9acb-5518864c62e1, b1f3e245-8abc-458a-b7a6-71c705de0e45, a5869aa4-6251-46a0-88cc-6d6c5fcf87ea, ad732a9a-5ee3-4ba6-a647-4f4299c09a55, f5c4b412-a0de-4ad7-96e8-4d37228eb1f4, 31b71fa1-77b3-44d8-91c1-163b4c021330, 12578206-8fd8-43a1-9743-6d6caf6bd16a, 477a2f3f-fc70-443f-a73b-244bb3e18549, af3bdd95-5edb-40b7-b0f5-d4323b0f1ccc, 4fc56438-b192-4688-89c5-4e4821053a1c"
FW65,55551745-62ee-4266-9417-4740446f3a79,"61e59681-3608-49b7-9ee0-4ab516834840, b7592f51-0bf7-4da4-a445-32a8ca5fa3ba, 35843e6d-8ac9-45d0-9db3-d33256904f2d, 0f41ab1d-ea13-4005-9575-0b597ff62bb1, 62fd5138-e53c-4d71-9f97-00fee86a96fb, f8afb5ab-dbc0-42a0-a509-7669222f877f, e6131979-258e-43d1-96c6-a3b9cef870b6, 28735b07-8961-4913-b43b-08bda79d1db5"
FW66,a6e3e69a-83a2-4348-ac5f-533ead49d393,"5b4ad36c-d534-41a0-8690-2e562c99b330, b169720f-5846-4a3e-83f2-52a640293038, 076306d5-6c8c-4803-8ac6-59b09705c531, c4bf717e-c361-48a7-916c-5a24fc53628a, 0f9ac9dc-0ea0-4810-a0cc-2564e2b2a826, f229d282-2941-4838-8f3a-ffab1d931397, 467e9b7b-a7c5-450f-b960-057eea306abc, e56da1c1-7764-48fb-a723-40a20c9fa391, 927c6ea2-cf54-460e-a61e-611620aaa8b4, c6042a30-5217-4093-adfd-b857ee9a6d5f, 2ae6ba3b-fb07-46a3-8f07-79911369d34b, e23b8616-df0b-4af7-8c86-040dd7a0da2b, 5aa6f5f6-1ebf-4415-845f-32fb9ceda577, 9e1d8ffa-e95d-45c8-8597-beacd9b3691e, 421645cf-e079-4c2c-bc9d-e18527daf432, f58c0512-fbc5-400f-9b9b-2a4f5c806108, 0c6a1517-06d9-4172-a46d-51603d681a5b, f16880fd-20e2-43f3-8ba4-744f5688da05"
FW69,aeef59a2-9c82-4918-9e11-05ab3cf02167,"d2b5be46-0df5-4cf3-848b-74f79fb63c8e, c57364c5-4faf-460d-a368-8f10c09c7b8f, 357451f5-5df0-4f5e-87ea-e6718d0c7c94, dae1a747-f57f-4919-85c6-08d23944da6b, b0077f5c-798c-4e36-b876-8b63db3add54, 673ebece-c617-4189-9289-8e027f2f8526, 26ff133b-7615-4553-b735-2c0cd2640f45, ad5d5c49-14d8-4341-8132-a6a2b974c420, 04d9d7de-537e-487a-9756-366f9ed2a85a, 54915673-bda3-4138-9137-92d1e3e5ea6f, 7ff6cb77-22a4-4b8f-b321-025792a105b6, f50d24d8-70f3-48d2-99cb-ee6f653f7685, 24fe7f6b-e491-4e9c-aa7c-363a1503d08c, 7968d380-572e-42ca-84a1-0a6a1679e0d6, f5dd8151-3f38-4a76-8597-d456992c7f97, cb82c5c1-5d73-411f-91ef-10bafe3bbe81, 5c60cbc6-6874-4924-811b-4d1e1f4b32b3, d7ff9cc2-0cd8-4e68-bfa1-1609462cf783"
FW71,81beae76-6321-4f55-b3c9-78d5b1e1d66e,"939eed3d-8b36-4de6-bfca-941d8114037a, 2850d0db-f1bc-425d-9c03-f992de3cdac3, 6a634190-30e8-4420-8632-c1ad9e7b7722, c87728f7-f5ff-4ec5-acd7-5cdd97f9e1b3, 67bad5f9-b408-4be4-9b93-4da5ac9f68e5, aa7599e6-3ce2-457c-8e2a-984583058a00, f6f43d80-f3b1-47b8-ad39-583abb429b56, 3439545e-a4e7-4777-87ec-4df1c61ad2f1, 2d984473-8f29-42a8-8cab-b898cfe892e6"
FW74,8ee1f699-1109-42b4-90b2-f7f9414ade5e,"bb8990e7-16c8-4e29-9e4f-5376cd7847ef, 933a01cd-3573-456f-8b89-eb7b0ed9d39e, a0878db7-8647-49f8-a051-c2cb3f754957, f9b175a9-5bd1-4bad-8eca-9923e427ec89, fdfd54b0-08db-4c95-b55a-748a9fe26f82, 61c530f0-b3fa-4246-a198-8359fd75ca15, fea6a60d-2a99-482d-bd7c-17332df20ef4, 7ac44093-3fb9-41dd-a0b6-0ea6195b97fd, 48cbd5c1-52b1-4daa-aa46-283156920ea0, fcaf9f75-e2fd-4bf3-bc17-59a32514e06b"
FW75,e2d5effb-ab65-415e-bdba-3348a0df6f7f,"0b9c27f5-3769-423f-9151-f07073421b08, c6155a7b-5b24-4ea8-8b26-f8fed34be7bb, 175d29f8-3f88-4960-85ae-20ff862964d2, e624209e-4a7e-4776-92f5-686c7562d3c8, 836136e6-e6ca-4088-b3e8-1ed2e22c1c30, b575cdbd-03e2-4a5d-b43c-78b36cbec8bb, ab1c598b-9978-4007-960d-c7a93e82a286, 55352296-5b9a-4d69-a5bd-36dfb81fdac5, c15b0b1f-5ba5-45e9-a228-1200ce190fd8, 3b6f6451-3ca2-4f5b-8154-057d9ac9413b, 703733ae-87af-41a8-a5dc-e0a1a75c8068, ea46207c-cbbd-4505-9321-5b9503ff24f5, 128352b4-5e18-4849-8b93-2830f6f3804a, 8489eddf-7db7-4b6c-a130-5392a08dc001, c582a82e-f93d-4967-b2cd-e742a83cc131, e15a5372-3372-4487-bd95-96ec9805edb9, 21fe8b4f-54c6-49b2-b9c1-6b5388eeb6be, c87e2106-6d31-4fee-86ca-a263a3667e6e, eadc1a37-70b5-457c-b5ad-fe89111d7d7b, 9d07112c-e3ea-499f-8f4a-8a7c600d2d55, 4569daf9-bbc0-41a3-91aa-bbe1804be981, 0f9cf741-7390-4948-af69-ee53a098153f"
FW81,caf573f0-b1c1-4721-a876-e0d71756424d,"778e019b-44d8-4c63-abb4-88e4c8114749, 96af510b-67a1-4fe3-9506-7a9d3ce03256, 461cdc20-2b44-452e-9581-c598b643e1f1, 4c67dea3-3113-400c-9d1b-0b7f729c547a, 4f1bd1f1-97fa-43b3-9215-28d9ae8e7f3d, 5e92556a-a9da-431d-bab6-5ecbe3b88124, d4326639-f638-413c-ae71-2a1552d55fca, 0dd789ee-6105-426f-80a6-0e795a925cfb, cffc210a-b5e2-4049-8c1c-49701c104f84, 5268fd20-b407-4979-b2c9-2af9f00fc6b7, cec85d91-4549-4530-9e55-c3907f4c035b, c1e45c08-3ff9-4a1b-bd2f-772d01fd7e06, 695b507d-1e1f-438e-8be2-6297007a9293, 917bfe73-e616-4ac8-9563-f19dbf9594fd, 3e18b930-9cfe-4154-922d-707169c1a629, 016a7057-990a-44a7-87d6-f0f5e59ae866, 2f9dccf2-9c9a-46fd-9e2d-f3149814d041, d36d0027-4980-4318-b031-944b3ef0c9de, 26705a08-bdd8-472c-8d5e-1d852af362d5, b108e474-567b-435e-aa9d-847ecf7e57ac, 5491e5ea-adda-4157-8b71-f359fa99f335, 23334c52-7246-4a5a-987a-57cf756e2191, 8cfd777a-09c3-45ad-ae04-440796d8b268, f0a13902-01ec-4fcd-85ba-5fd91cdefb62, 0767b2a8-dc23-44f7-94b4-3de13082b3a5, 0ec1301f-cbcd-4484-8950-0608471ca5f9"
FW84,e23f7f68-267e-43dc-83a6-a66f1f08c94d,"4f87b989-3ed1-4f47-bf5b-b446d662b366, 5bcbad9d-ef07-48fc-9331-fcd67f66257e, cf4f5957-012d-426a-97c7-7efe464fcfef, b1f5cc4b-52df-411f-9239-28307fbfb044, 891b4ae6-14e2-49a3-ba2b-6b7dccd993e2, 4c90ad24-4064-46ba-96a4-33682058aaa7, 6ad8f48d-3575-40f8-9130-1125839c219a, 1ede40b8-9f56-4b62-9d48-eee92808a04f, afcd23b3-9115-4a42-a288-6e57638cb162, 0c80123e-3a45-4d3c-ae3a-88dbc26dd816, 9d73b222-10ba-49b0-96aa-4ee947e0eec4"
FW90,2205018a-7e40-4167-bffc-3d284704e085,"6572c60c-c7a5-4204-be9c-f4620f19cd2c, 75f981fe-66c3-4abf-bd06-c0e24ff4e202, 4f1bbd66-eef1-4ff8-a9e1-75af256996af, de9fad62-55ab-40bf-aad0-18a218746df8, 1a4b7499-1b9f-45e1-a177-949110fa1626, c2348576-a4f2-4a48-8acb-bc52b7d0a7ae, b0ad1ad0-2e9a-4e0f-b36c-829fb9951deb, 13e45818-6191-468f-afb2-3518639996be, ba4b2ad1-b829-447b-ac20-a58f33a94f7a, a10ae6c1-1169-4a63-a495-b69a94b8a6e1, f96190b8-b059-4dd9-94f1-283e55ffc9a1, 4d371d7b-e0ca-46fa-a2bd-78ca3f8f4a91, 85703051-b735-42ac-84de-6c452e94c114, c83b93dc-6656-4e88-b8c1-dde062029216"
FW94,cc13edba-ce64-418c-8ba2-32ffafa32c50,"7a8c9345-e0c2-4edc-ba20-f4688f68aecf, 640a9106-d0b3-4b6b-bfdc-1187c3b73ffa, 809de033-4826-4366-9125-31d562a26bba, 1f6e6ceb-2c59-4d64-a3fe-c568d5e17597, 799ee938-fc19-419c-8162-fa335e55af65, 3bc9eb22-f6fb-4532-82c6-9e7426217323, 5e9c6bc5-1696-457c-9635-457c70c1f21c, 056d60d9-e2c8-4ebd-9c4b-c67ee842973f, b8cba886-8c4c-4773-b361-73e0f8b8b8d9, 9ae004e1-aab3-45f6-bd74-282c9605178b, 50bf1d4d-7a94-4ea5-bd43-8a7c63abff33"
UC101,fa51dcf9-f0bb-4d2b-9ee5-114f343eb1cf,"a551fdf5-2004-452c-8b97-30c00336662e, e1d96fdd-7772-4505-ae51-e52089635048, 3b83c344-b208-4479-9271-895128e77f19, e563eca8-a1e1-4bf9-ba6a-6fff961fb719, 12e488de-6c83-4de9-8193-22a0a564ecf8, c64a0db2-e7bf-401a-a816-2f357ac1be0a, 97a1ee6c-0108-4313-86f8-9ed8c2275eee, c3b1791a-eb03-4281-9ed2-e079146613db, a1152b95-660d-440f-8be5-13795ccbc678, ba12b552-b427-40e2-bf73-9e53ad9d03f8, 077cfc06-21c5-49ca-b849-7f0df73f20f4, a95f51c1-74fd-477c-ac1c-62d50f4037d6, 66e403d2-f20f-412b-a55a-de4526e9bb7a, 0d92a009-72bd-412d-a601-01d9b48aa27a, be839276-6e8c-4b26-aad3-a6f12fdc6045, 654436ee-417f-4b8d-81e7-f448bd22e21c, 8474e977-213a-4cd5-9da7-02d6040cefa1, d19f18aa-1463-4e01-803e-1957e9f353b5, ca52b878-2ea1-4842-a97c-2d3d4ff763fe, 80f90513-88d6-4644-bfea-c0bf015412c7, 697dbf21-ed6f-4e09-86e4-912d43eca5ae, 6dbb412b-135a-4ec3-8467-af399e90d3dd, b8c68b70-6f30-45a5-8e92-e555d3c97fe3, 245bc957-cdf2-44f9-bd74-c8aed45617cb, 97ee028d-02fe-458f-9930-a19e0123f438, cecac11f-ec45-4db3-8935-3ccef2382ecb, 209ae621-9997-455b-9c2b-4b9e686efefe, ed543a1c-0c50-4841-9bf8-0477517a9946, bc75bcb1-0b01-4bba-81cd-064b11eeaa0f, f762e505-2439-4411-8e37-827c2b269b28, e0717493-3429-41df-934c-7036b48067cc, 797a520a-8114-41c6-9320-4a43c5cdf4f5, df76c88e-991b-438e-8761-986fb6d74556, 804665e1-b194-4943-83bb-ace5052e3e2f, 0d062bca-b43f-4c66-80d6-a6a91c465432, d05a9e4e-c0dc-40e9-8e56-44830aa0da82, daed09f6-1cb5-4d54-b7ca-42a65d794938, ff3dc8b8-ff04-4c6a-958a-eb65ca65bbea, 339d0987-bb9c-496d-bf5a-a9f02f5b0698, 07904c15-13cd-4434-ab87-5647daae6305, d8a29dd0-125f-47f2-b313-3271bfcec333, b36635d5-5e8b-4273-af1f-f58c153227f8, 61f34a79-9074-40dc-9ce4-3eb383591c1a, 1d7b3380-dd4d-4134-bd1f-8c89a985e66d, b6a3aca5-0e04-46b4-838a-43c89d37a2e3, a0064b4b-7f7a-4aa7-a54f-347cc62da5c1, 63c89c23-3a3a-466e-941d-3da83e863c0f, c60d767f-d29d-495c-988e-0d607ede09ec, 0f004a16-96bd-4491-82fe-47641c3e2d2f, 63d4bc7f-88ff-48ee-b40c-82ae7cc2e021, 481c7801-3993-4a66-88dd-1574fc600c2b, f56f1575-693d-4635-954b-33d8b8cecc0d, e6e33a65-1ee6-4152-96b6-2a1a69dc297b, 23818988-2ce3-44b4-a308-17eb1863db22, 4ca91f2d-fb45-48ee-8763-5f38d0f8ef55, 41141970-8008-4062-a361-0d2329418d95, 3068ec19-b2a1-42a8-8e61-e08f7a2d6cf4, dc907871-47b2-468b-93cf-685e743d20df, 65a0cf90-bf36-4045-97de-df53fa3a1ecd, b9f917a3-2f9e-4634-bf53-d09c111b34d4, bee01389-42d9-4c07-aa1a-3573579cb714, 6aff319d-feba-4d90-8ba4-10a27e304de9, c7f94910-55c6-489f-b666-727465b617c0, e36f847b-a408-4e37-9dd1-61bb7b86a050, ce71fa84-5349-42cb-8980-aba8c20ff889, fd26538a-fb4a-4f97-96bd-cd1a28b8391e, ced8a54d-9dfb-4440-9bc8-81fa2d152da2, 5ee804ea-cf29-4269-aefc-ea476a02d0cf, 388c9ad7-28bf-4cd4-9009-0648102a391c, 2d9e1a95-7e5c-471e-a194-9d3d5846d1ee, 2347391e-2122-4368-a149-479d85bfc993, e67c13c0-05e7-4a65-8abe-0eb6d1cd7930, 0a405fdd-6f90-4ba1-81cb-b0076f095191, 380ac9ac-7b5f-496a-9c30-65a31ddac3bb, 62350cce-c121-497b-9e30-8cf2cdfae151, fc81cc59-1f24-4db2-b77f-8dfc4349f9cb, 6a17f46b-10e0-435e-b806-e8df69d47226, 6894b4dd-04b9-4462-a1fb-1bfaf4120141, 21ab7eb7-cb56-4d17-9543-06fb543eb6a0, 6b8ac7dc-5603-4450-9311-9beb8c13410b, 8bb37302-7a30-4955-8923-46555cbe09e5, df7ac2e5-dbe9-4c7d-be7d-a8674f407de8, 68d7d1ce-b9dc-40b8-9cb4-3c0018920836, 2ac87798-edda-463e-8dc5-da66df465c80, 51629c2c-c264-49d5-90c6-bea9bb2f6a5b, 10aa44fa-6e0b-4b60-a5f2-6d43d12dfd38, c34a34ca-8241-4f63-92b6-98d95b703a0f, 4dd02fbd-19aa-4c23-b934-03650bc2c14c, dfe7aa40-8584-4c37-8173-a71865c8eecf, 4d4abf07-6a41-48be-b9b3-98d619b82da2, a19f9c48-1177-4f4f-86f6-37d2c62ef56f, 99782cc7-d562-40d3-89ae-33c7a6346000, cbaf488c-3440-401b-8a9d-558adc8deeb0, 8809ca2f-bc79-4dda-bff4-9854330b51b0, 5e6bf014-5e96-4be0-a631-6a4d243dda35, fd9f25cd-c97c-4218-881f-d32212933a70, d05167d2-10b1-4be6-bdc0-11b87ff10427, e974de5c-f945-4c43-9415-7f5a733a100a, 0746cc60-239e-4284-9fef-cc01d76ee253, d53530d2-d5b2-4d89-ac4e-0ae21032b686, c4b4ae3e-8643-455c-9bfe-e30d76803e4a, 447a0e9d-c463-4de7-b9a5-6226bd176668, e458a405-19da-4e93-a4eb-a6ec94111e62, d55f1b01-039a-4049-8729-7a82e3f72caa, cb7bca28-d080-4d75-a1bc-1c92f1bcb311, cda93e29-2170-4050-af4a-88b8e7ffe78a, b99061aa-a3a9-4f9d-81a2-dde57b5b83b1, 6f503953-396f-4e10-8b7c-e7c60de7a0ac, 4b3f39a2-5c5e-4d81-97d8-fc5c3d0bbf0f, b0ff8ce3-9df4-4360-b690-5d13930c4f16, cd0690e3-56b1-49af-88a5-f1668e9caead, fdabcc5b-89ca-4463-a6f1-137e434cf247, 95b2bddc-5020-4252-84aa-03fe88162e7a, a748799e-8a8f-4180-81bc-0658d8c4f71e, 7a58aec1-8d54-4412-9023-34eab709fdd3, b5688c87-01cf-4bec-8188-e01945d5fd94, 7e086b37-a48a-423b-aaa1-d50c02a84664, c355fe48-a485-4c43-a3ba-f1906f1f38c7, 2d32e24a-826d-4f6f-bbe2-07da755e7547, 42395da7-cbe7-4b47-84f7-c1b23721b071, ac77d212-e8c1-404e-990e-9f177a2b0696, 24a759de-ceb3-4697-8781-2be43019d9af, 22fb7549-a760-4280-aa4f-5f5b97c882b9, 07ef0cbd-b73c-4dea-bdf0-e2ee652d8065, 6f91901c-4437-4697-aeb0-ec3e864b3901, a7b4b179-897a-406e-bdb3-3997033e8424, 608605b5-2f87-46fb-9f14-e43934bfe798, cc910049-ed02-47ed-91b7-f576cddf8432, 66ad35ec-04b7-4a57-ad18-feb25de5fb9e, 514738e9-585b-4e00-9730-5f716b63192d, 2e334985-607e-480a-a73d-2bb20dc5a2cf, c0ed30d9-ca7d-4419-8c60-f80640f56943, 64251b57-ee8e-478c-9684-3d598dea4444, 565b97bb-bf5b-44a8-aec5-cf2f5f7a4e40, b297c5c5-9c26-4288-8d74-96b998743701, c07d8e8e-f1ce-48d7-bbbe-e9c719004cbd, 9b6e85fa-1e3a-4bef-b09d-f9085c7480f8, 848c65f1-28cb-4f80-a6cd-20ba4b3d07c7, f64262c8-37ec-4da8-9d6c-56d6aad498ab, 407a3244-7842-4fc1-a17e-cecfc221feb9, c6a599c2-ee00-4023-a351-77ab5a537d44, efaca76e-4cd2-4992-b8dd-b5608bde0eb4, b729d330-5802-44c5-9993-b8321f2f2698, c7e3135c-d5dd-4713-915a-1a54f91c81ff, 5af63ddd-009b-4897-af97-2c54bc283396"
UC102,1c0c008a-7318-403c-a445-894d46cfd5e7,"9903e606-3f96-4187-ba3f-703f800e58fa, e5e836a6-0734-4518-9914-8e83d73683eb, 8a39484b-6773-4f75-8ed6-69fa3f543738, 644e1f97-3b34-4875-b937-8d874bce3c7c, b1bbbc25-5cf2-44b1-bfda-8c14708bb6f0, 8cb50f3e-ec2f-4f16-ad6d-ef1a53dde01c, 466f19f7-c42c-4c2b-8453-e59ef5c1428e, 8ce3cca0-5b42-48e7-ab55-1d06b07a0dda, d3c089d2-5642-48d6-9fab-300e7fd144ab, 19fb121f-6821-4856-a83a-162c84099c4b, 2de5063f-aa5e-41c6-858a-662f639ec753, e33f87ae-5f2a-4777-b475-35ca3785a0a7, 55f4431d-c3b5-44dd-9454-31918f332831, f8b5d535-b1dc-4387-b76b-18d8a9f5a644, c2bf5c38-a888-4d65-bd6b-2ebe7af63cd7, a06a0496-70da-4d96-a366-af7caf136229, 8d7cd561-9207-467e-8791-7d3486c6c7e7, bc59222c-e127-4227-b3a3-01881bf0c9bd, 98e7e631-905b-4a2f-abc3-ffe0dada70e8, c652a7db-5a7b-496f-b01d-d233c68946d6, 4e396b4d-83d9-44a7-9b34-9599480b05ce, 2c262558-e58d-4bb6-b8b2-d70ee21c54b4, 39978508-3f09-4e3c-b1c2-a71f4794de59, d59366c2-7af9-4490-ae7e-e5698d364ddc, fcae6a45-b884-4b70-a32e-835230080342, 3d299a10-0c78-475e-a3b6-dfd18f69a345, dbcd90a4-3ed8-4e86-8225-5ef1c4bda469, 2bce27d9-0fcb-473a-a3f1-cf1a164338b8, b0ad682d-eb09-4733-8efe-78cb0a4b1e24, f704607f-3c90-404c-9832-6b9acbf3fc1b, d539f99d-5410-492c-bcc7-eff9491406d0, 42230e8d-1e77-4ab0-8cb6-572d0e7d54bb, 336afcda-1f14-4936-9853-ec61c6059e14, 38e07a49-73d6-4cc9-a3fb-ca775b71024b, b5abc109-3dea-40b4-8f8c-0d09c8f9c2cd, 3426149c-cef4-4919-917e-8c56e0b5da50, 1b6a5668-ee05-494b-a5b1-cb13dfb19efd, 2b7b2b69-bfec-4106-8937-52dde6669ff0, 7e2ec696-bf73-45c9-91d1-3558e2cd4cc0, f61fa129-a71d-466d-a00f-9be2e5262539, 81264d1c-f7d0-4ca2-a381-927e1176805b, c854f89f-fbb9-4a81-8916-4d64ca326d63, 2f6ef79d-fadc-4aa6-be0b-9b43a66a5571, 288e2306-c98d-448e-b218-9b4d3ba9f0f4, 35ecb77a-6420-43a4-adca-062c535ce52e, d6483f24-94ab-49d1-872d-b83871cb5a7b, fbe7d0b4-efdd-47b2-ae3a-4fc48e40f673, 57d602d3-bac7-4c85-83bc-d0f2875b9f68, 65a82fe1-a019-446e-985c-5f14e293f623, 5da48cab-1c63-476c-834a-62c56a293720, e8eedfdd-4071-4ba0-8331-62c64fb43ac8, 973a5f3a-8f5c-4b74-b30f-c10ae04e38d1, 4f1b92c4-3b75-43fb-b0b2-a7a05a3104be, b98c2a78-7b6c-4c74-bbe2-be24feca12d1, 0c2ce073-eed5-4fe1-8d1c-86def1a6e011, aa901776-5dbe-4543-90ba-8bfc63f7e2ce, 9ca1cc5f-26e2-4f5e-a2aa-5c5a7d59d1a0, 8e466a41-d259-44b7-b581-cdac49d6f0e3, 07ab1656-519e-4fe2-a2e2-50660e61d6c7, a3a76477-e60b-43ff-a372-acdd282e0379, a6c80d9b-6a00-446d-ad2f-37f751e87373, b6a6824f-f0df-4239-abb7-40ea5eccd46a, 19e3dc0d-f4c4-4048-bd0a-67c79770cc4b, 1abd4114-a1de-4f79-a7f6-0daabb365839, 13b6fff4-5be2-4270-88b9-bc102551239d, a1217ada-e9ea-4d53-a7ab-aa0c9cad4cf1, fd3bec84-25b5-420e-aff8-304d64bacf8e, ccfe27a7-3a2f-4cf4-a33d-845f261c3a43, 4791ffdb-e5df-4dd3-a8e3-8e218399c97d, 04980141-6b7b-44dd-adf6-fc2cd812d132, daeadfd1-c549-48c2-a910-1b4c06d52b98, 84b5f305-68c5-40c6-bd8d-5dd110b454ec, 9314bcd8-5ab9-483c-a155-df487ac9c497, 12b98c87-b6d6-41e6-929b-0740547d8c44, 8fcc8a62-0aa6-42e0-b70d-f3c1c2a1d2f5, c07c3ab4-88a9-45b0-9c42-619717d2e14c, 1fdac540-9ae4-40d3-be0a-3e69592d7f56, b4106cb4-cccd-4200-a4e2-acd009ac07e2, c38821a2-5c2f-4df0-ba4c-739d7cbc1868, 63ef0888-9f95-4e69-b327-b80925103293, 4e6dadbc-acb3-44df-a8ce-da49f47bbb1d, 8fd5a9c9-53a5-4c78-96ff-8c3b44fbc5d3, 6bdd52f7-c608-438e-ad4f-8e92e2a62ffe, 157f2ded-1cfb-4526-9b82-81731d4e0cb6, 4d29a5ed-cf19-4795-bed1-e446320e78a1, b6d85c0b-c3a0-4ff6-9a6a-7620520a550e, fc426611-e4aa-468f-8dc3-2444c0b35aa4, e973ab2e-c2d1-449d-9fe2-f408e0e6862e, 2b5f5f99-c6ae-4984-a1f6-859a8732fd75, b3380f16-7a31-4df7-b59e-333571ce8a7a, ae3647b6-b873-4a53-9bab-1525e6d16ba5"
UC103BG11,#N/A,"88ca361e-4466-40c3-bdd0-2cf967d909f9, 7a45bb64-b33e-4aa0-a58a-d73274233206, e804cde7-5240-4fb7-a906-25115a0c6eb2, 1dd1fe4c-fe98-49f2-86bd-5ec46b760464, e7947adb-8b8c-4879-a595-c8192f9a5707, faf42743-6b72-457a-88d9-e793c6fc21e1, a5f10a8f-00f4-443e-962c-7bffeb726867, 3630a337-fc8d-42c5-b004-e80029d9b0ab, e1e9d36c-298d-4df2-a23a-9e023a60c9ea, 5f6b4229-6000-4237-b662-a88ffaf2f59f, e6f4a871-bd38-407c-817d-92d7309a80cf, 4f241a52-22d1-4af9-ac04-4ed0e38f2f05, bd4d74c2-a3d2-44fa-851b-f644621818b5, f530c24c-a4d3-44f9-918f-bc2984badaf7, bfd1d80d-c3d1-49c7-9792-66c8767ab169, f1d96ec2-1bf7-4595-a473-9337b1483769, df3ae833-5d1f-4576-aa7d-fd22dadd6dfb, a756c8c9-200f-434e-856d-2f36bdbd4846, 9b67bc16-6bc2-47e4-a9e6-7948357e10e4, 8e5d5208-4bbd-47b3-bdcb-8014ab015915, 05ceea9e-ad20-4a2b-8398-aff95859d39b, 4ad5ffb7-4940-4190-8e11-dab2d0e613a3, 00348bb9-735e-4ea5-8993-e4fbb2bf217c, a8f3c2d0-df4c-4383-a4e3-4ed20d467253, dd2371af-4c87-421f-9e3a-e845ee3b7159, 9e5e5cda-e0b0-49f7-9de4-cd2703353abd, 18600866-14f1-4d2e-86e1-5ef5d9a0e9bc, 62439b41-d937-40dd-8c47-5657a8d19c2c, ff7669fd-a73a-40fc-819a-e6f9d2ca8efb, 311041cd-31eb-43a0-ac5d-2a41b9be3fd0, 49a08fde-e184-46cc-809b-4553bf7e4efc, 2eab39dc-cf94-45c9-b050-5e5facaf0eaf, f9a5f969-5d61-4ddb-8900-10cf2cd06705, 55ba3221-64f3-484f-b2ed-7fa8eac2b465, d610331b-e566-425d-a681-06cc17a2493a, 4045485d-8021-4e89-91d7-95311474b984, 732fd378-ca06-42b7-b2cd-eb13ec71c463, 0a20276e-eb97-444c-8291-fff2dbfa7dda, 42236622-87ba-40ee-875a-3aef9b7d92a1, 4880ab0e-b162-4c77-a3b8-4ce4aa1c5d18, 739f24be-6e52-478c-8053-9e28dc8af041, dfe249ef-7e21-44a7-b146-c5029dee6cf3, a63ca806-7fc2-49d6-9926-f600c204e59b, 06d39e84-9f1e-41de-b2df-5dfc00b4e463, a3d575eb-67a7-4e4c-b107-863f655486e9, 9e7ec3a1-90c8-424e-b423-85b240497b6f, 549418e8-db8b-4ba7-b2c4-8b1c5ec3baa0, cd12c5d9-e1a3-42aa-8c0f-e65195150672, 6102310b-2937-485d-b502-6992b04cfa1a, f2f75209-0867-4614-9c8c-8c3496a0b806, af523fda-599f-41da-af87-72f2cc9cc7fa, f9ddeea2-7e29-4645-9520-22915c8c8131, 05c66f74-10eb-47fd-84de-afa40f2511de, 76ae0fdf-d80e-430b-a91f-663dc52519e4, d6cf6048-c979-41e7-baff-fadc4c211677, 42a91ea6-c867-45f4-8484-367ae03048c6, 53744957-f99a-4b0d-9987-f6b8b1ea24a3, 98fdf5ca-600f-4366-a44a-f049ccc62147, 75344c18-758f-40ac-96bb-97b3b5abf4bd, c20c554f-a405-4a9c-ae08-446e4a1fecb8, 0a8eab8e-bb68-458f-8f47-47c3fc82fe20, cada37a2-7612-486c-8c4d-ec48e59f59f2, a18f5bdf-228a-4fbb-95aa-0d16117c9ed1, 3e1ef60f-7b77-4672-a2b9-0913ada48387, 68d654b3-8ebf-46f8-83fe-bd22ea948b04, f7982869-b8e6-42c9-9fb4-21d1bea72df3, 1dc088fe-7a44-4adb-a9a0-1df35910de2b, 71e9bb6a-2cc6-40c3-ad6b-5491b95fa7b0, 2eec3a92-34a2-4345-b5ef-16fbde8dc705, b3617148-787b-4651-92e5-ec1f565abbba, 4e2027b8-9969-474e-a53b-23a00dffb343, c6e2d773-2def-471f-97fe-46568d31624f"
UC106,55d62b25-65be-449a-89a2-6b18f00dae9e,"38c8f9bd-af6d-4193-b714-ece1f848cfbf, 2b9feeb6-bdcd-4da6-ad7a-bcf896e66db0, dd31bb1c-6760-442f-9e74-42bcbe8be437, a756757f-45be-4c4c-aef1-339903a3c424, 05c85f0a-137e-4814-a7a4-ed8948570c30, 136941c8-17d6-440a-8cf8-27cab2651185, bf3a95b9-31c1-40e7-942d-8e618f88d211, 8687803c-2e69-4901-b70b-977c3e82572c, 3634b4fa-32a4-4da2-b98b-6f3ae8f2af8d, cc48ba3c-c4b3-4e18-94f8-01ac214f4f6d, f531c76f-5334-4627-89cb-4531fcb45b28, 43d270ed-1972-472e-bf3c-9690b89fcbb9, 40df8e96-5edd-4858-9e01-c6ad2d21c525, 1bd1552d-aba1-49fa-a484-d731139a44c8, fb435df2-08bf-426c-872a-98a2dc2cca59, 70deea43-18e8-492d-b473-44321d61eead, f26a3c18-4c18-442d-afe3-cd3574e873a8, 70872048-6c12-42a9-8af2-766726f0745b, 8b6e4876-e11e-4901-8374-2fe1477986fb, 2f083d2b-90f4-449a-a58c-ad3cde3ed0e0, 1d539e49-2553-46b6-a704-a98ba821eeb2, 5d20f818-5b64-44a9-a775-14785d27164c, cee7a1d3-2429-4fc2-bd40-b94f84debd71, f103cde3-8ef2-46af-b898-e021f37968dc, d5fb2f07-058f-468d-881d-8bd5f292378a, 954d97c6-d33b-4b09-b6b7-3e7179f39557, 77f58b16-ed6d-463d-8578-9f902cc51d49, d6bf108d-b2fe-47ea-9e19-bf57e8ba8200, 70c4d73d-1d17-4494-9559-71581ad74593, c52cf35c-8f59-4fe6-80ba-fc9f19ec6914, 181d0ba0-0a3f-4d89-9b19-008c45c82137, beaa6bdc-dfc5-4a2c-b6e1-7791278c1a79, db625cdf-8dd2-45d1-8293-827f0e48f060, af008c9e-a2f9-4ad0-9ddb-eab253c9d6b9, e4cdf73f-f5d4-4f78-82c3-84e495cf718c, 5fe12050-279c-47d5-9383-e44502582c52, 4fb53870-ab77-48c4-b87a-06b0f8141f75, 382def77-0d3f-4596-9579-d39cd4fac6b5, ceb8ad94-7c50-46a4-89ac-fcf317e600a0, ea22b1b9-9d61-489c-a72f-32a979c6ba7a, 4bbf27ed-1b74-4adc-90e0-20af18defd34, b46e0e90-ee21-495c-b013-e01891ce2ba5, d33e2a42-1bc8-4ef5-8084-1b7b7518a526, 0c7f4f15-92eb-46e9-981b-55c8e7ef230a, c6f750ad-919d-4b04-8642-ce0c64981eb3, c3d3db5f-8bf8-47eb-8704-d4c4456d9f15, dd5d0131-ea04-49e3-992f-3220c02f3013, fae6d218-f9eb-4b06-9b17-0eed735571e4, f6699ab1-4faa-4309-8c02-c852eeda5de7, 23956225-716e-4dd6-8f86-064c06f6b555, b261ecab-5115-4eee-88f0-6f4a2814b659, f3cc166d-4507-4e01-bfa9-ac230365cd51, 5c509fa5-2850-49cf-b4f1-4f270f173a68, 3a1d67f7-9b82-4bf7-9038-9805dcf909d1, cf7d2089-4c06-4f6f-a5a3-3def42c4c6fc, 3cc24d08-609a-43c3-a406-c17acf078d92, 832bfc78-9434-4690-95cb-83688ac025d9, 0d281959-60bc-4f48-bd02-62bdebbcd06e, a30843b7-a751-479d-b498-482b46b7bafe, 72d23ae2-661c-4b03-aeb8-4611a8511fe8, feb57ad3-0590-402d-9479-a5f5d8f299ba, d856794d-2f02-4644-a9b5-5c089cc5db24, b5685eb9-002a-4a8e-9ce8-c30618373b70, 252e9a76-d90c-4273-8218-75a4c30f90b3, 048fa67b-d83f-4d25-9750-7cbfdc106709, a91bd459-d544-4327-915d-198dc76d69ba, aaeb8176-eb76-47fd-b376-270712f162a3, f51183a1-113c-4885-9821-16c32f5e2fef, 69baf0e3-8c1e-40f3-82bb-ae326d0eb352, 546b9cbb-e2a7-4fea-bf42-e59abbc66657, b4830eb0-3493-45e8-b414-77e3b0de8b17, f1596ca6-57f1-46db-8c53-5ba5ba185102, a98908f8-d295-48be-82a2-d6153567c3c1, 4b2f7e3b-4896-448a-85ae-dfa65137e318, 900fe421-bd68-400b-a685-9b7ce2078d1e, 37503803-8d7d-4a7f-8c72-2828db775970, f8b1d740-5118-4616-8797-3ebff9d7026d, 9da4b011-b44a-4b59-898c-c01e92bd8cee, 35c784ed-1b10-4425-be60-ff637474f04f, 2ec2773d-5e2e-4f3f-8128-cd084013624f, 5172df7e-664b-410e-bb19-c32eba8a0314, 9ddd967d-1939-4846-985d-bdb86a97902b, f6ba2afc-e0e8-4f5c-b19f-602447d9d1f9, dc283111-e53d-4a77-abb7-f83d6e0122ff, 4a887425-6d40-4a7b-a83c-6f188b4b9c29, f717f46c-75d9-4de0-bc1e-b4c94e4e11b1, afdb6361-58ad-4139-bbe9-24cc22d7c5e1, aefd64d1-fb73-431c-9d16-be43382e2919, 1f6e3b88-e39f-4976-a7e4-8694fe6a2862, 5e02b599-c970-482b-a7a9-82b9d35787c8, e94f555b-e75f-4527-af42-dd73806424f9, db193829-92b4-4552-ba17-06fa9a9c4224, a993f017-d37a-48b7-b20c-b2fa5c1c5403, 97f44b53-19fc-414e-bf23-e85b5a28897c, 8636f948-a741-4084-86d2-1a80f2346d19, 9aeeedde-9994-405f-8919-cd18e8adeeab, 1cbcf474-05ca-46e5-b9ae-9ca437185e23, 4691bef6-1140-41f5-80fd-3e78d5e2cf13, 1bdefeb5-10b3-4d17-b381-b3b4344df3ae, 4f3a38ca-c333-477d-a440-4654f8213c3e, 72a3b2b7-27d5-47ec-b4b9-86ff7f2517d7, 4441dff4-9885-48ac-9f45-34328ef5b96e, 3f38c960-292f-472f-ac0c-52bed00b4ac6, 7598d030-7fd3-4743-992b-159608b84928, 3ab5e64c-ddad-4228-a55f-6998c0e4b813, 527e445d-7673-4aae-abe6-9a307e9454ab, 43278913-758c-4396-b59d-78ea3695a89d, 2a481e3a-5550-4003-a2a2-e4600c5d7c5c, 0e50cd17-fe98-49c8-9e31-d331389feeac, e3ea8fce-c76a-4475-85d6-62abb22b21c4, 61253444-7a5f-4629-81f4-0a18e84376e9, dbe551e4-d473-4728-928e-8869f420c556, 3c1a47f8-4fea-427f-a667-a86fec7b4cb0, 2d7e2b26-0f9e-4c59-baac-2dd84205ea0d, ff938d68-4f25-4e9b-aeb3-588b643c4b1f, dce47f43-e07d-4f9b-ae74-5237df651ff9, 0a605697-d2ae-4028-a2dd-7416368fb245, 7d76c87b-030c-4129-8adf-514152b0d8f3, dc1925a9-666a-4908-b410-8a1947f6631a, 21e05ca6-05c1-4618-b5a8-b0f64a90b273, 1f99af5a-d5c9-4bbb-99d8-49295e14cb36, 3108f205-9809-4e17-b591-692f0074178d, b4335ac4-3ae2-4d47-b242-fef959c437ed, 7512de3c-640d-4624-9f4f-04ea543cbcd6, 23c0cb11-4c09-4849-a663-34d77447442e, 3885fd50-e133-4cee-9154-2a1f460ef7a0, e58e927e-7bfd-4ed8-a42f-e407ce864847, 48e89050-a526-443c-896b-ef6e0d72eec0, f467eda0-fe01-43f3-ae65-4bfbebbfa6b1, 39582bdf-1c70-43d9-b0dc-90c086e496c4"
UC107NY2XL,b1d31d29-2b21-4547-9e55-2d86b4dbc784,
UC113BG2XL,7257899d-7f61-4afb-b9b9-5a8bda153714,
UC125,8708efc6-56e1-4f88-977d-ccbf36247d1c,
UC126,058e84f1-a794-458c-8a2b-f567c442f5e9,
UC201,59d0a3bc-844e-476b-8727-88ff428e0470,
UC202,05d6dcda-4fa3-449c-a22e-c8e5cf60a245,
UC204BG2XL,fb92d08a-8793-4a07-91bf-42986159060e,
UC205,2424b3ae-c5af-4973-8ec9-08ef1bb3322b,
UC206,097d396e-51ac-4c74-a797-7722726a936f,
UC207BG11,6a4fa341-ddd0-471b-ab38-7cf48ac665f0,
UC302BG2XL,d3e64303-d0df-4705-b9df-9a63aa952dec,
UC306BG11,851a5281-dbfb-46c4-a9e4-a1df96d38f4c,
UC314BK2XL,f00c1af1-e0d8-4b85-842f-5b9cd3e1f097,
UC315BK2XL,#N/A,
UC316,b8e302f2-3a11-4346-b857-b08df08db764,
UC317BK2XL,ad5f93a6-76c1-4f53-91ba-26b8be01b339,
UC319,eb4aa267-1899-4591-bc32-205f9219cdea,
UC320BK2XL,17810356-7a47-4f70-b6da-836020ade671,
UC402,fcaa1dcb-5019-4b77-b4e7-b72214381275,
UC503BG11,f786431b-d03f-4715-ae12-85fd3b8ea117,
UC504BG2XL,348bb654-da24-4dfb-92e9-7f40b4303170,
UC505BK2XL,bc312f9b-e197-443e-9ad2-e104cf86638c,
UC506BG11,bec07aff-170d-42eb-b5bf-f7e1f9989cdf,
UC507BD2XL,18c870f9-9c32-4908-9f54-32bf9c8d3e30,
UC521,1618ee57-aacd-4573-b161-1c23540f536f,
UC522,66434044-0009-4c71-9b67-dafcaef51abb,
UC525,db468b59-19c4-4b14-ae02-9a89a2a08824,
UC601BG2XL,1981933d-d352-47af-935e-8081707eeb2b,
UC602,0eebee7b-ce5e-449c-ae6a-878ea0890a61,
UC603,e1385308-4219-4932-a5eb-1c618eb4f96a,
UC604,3530111d-a7c4-4b1f-ad7c-56b4c06c6c07,
UC605,7eedc025-9205-468f-8ea6-ef91772e4971,
UC606BG11,1b6b314e-cd76-46bf-9d85-c831831d1778,
UC608BK2XL,b9c9dde0-d7f0-4ed7-bf34-a182a7140bb8,
UC611BK2XL,14754801-5884-4cb7-b83f-fef8490745d1,
UC613BK2XL,59cee587-e301-4827-b64b-9e62479b7a31,
UC620,c161e6b3-82ac-4f14-9e60-b88d93ad9909,
UC640,d4706289-eb12-4aa3-b26a-612656cd874b,
UC701BK2XL,7e08dbf2-b7d9-405c-9fc9-4c521dd5cd47,
UC702BK2XL,049076bf-60df-4ec2-a336-29e159363043,
UC703BK2XL,baea0e1c-069c-414c-be12-90553ae9c6d6,
UC704BK2XL,9488da53-84aa-481d-ab65-bd2a8e5cab01,
UC709BK15,2c9b9dd7-b13e-4b20-9611-90a5148a5b21,
UC710BK15,1e3db516-1510-4114-9382-7c25352958c7,
UC711,e18f5990-9185-4cec-b196-88a652fa11b6,
UC712,3e3e78ec-19c7-41e0-8b62-9be9be8a82a8,
UC801,810feeb8-cb85-40e8-8a6f-9fb4c8e32b90,
UC802,66c812f8-a269-4f43-903e-67e2ecc1f5e3,
UC803OR2XL,05edaec3-f23f-478b-a34e-1bd108004ad7,
UC804,719d0fbe-8699-4599-995f-85dc0964bec8,
UC806,c672604b-820d-4a95-9d16-7379eb663802,
UC807,9a27c7ad-3ecb-442a-afaa-9adf0f513706,
UC905,dae33762-cc95-481e-a56a-1b029a506c9f,
UC906,9990840a-1371-4a07-b1a3-2a6f8253db37,
UC920,86070ff1-be3a-48eb-8b3b-e3f9709fd8da,
2201,568e2e6f-2889-4fc0-972a-6e77985ee793,
2202,5fcf5f53-bd22-4f11-9f43-456f27840880,
2205,0c2940fc-b5c7-4974-a095-e43ce9fcc6a9,
2206,ee37e391-1333-44ce-8bbc-7d1ed02421d1,
2209,eff713ee-a108-4983-81ef-68268aca33e8,
2852BGRL,c305aa33-dcd9-4198-807b-324407570d5e,
A110WB,ee401b49-730c-45a8-a1ab-824da6474cf5,
A120,8acf5023-8d1a-4b6c-8f2e-26c221195c30,
A121,d4055a84-f61f-455a-9846-823325ecb606,
A129BKRL,250d3d31-a686-40b9-9450-85e9b6a1d3be,
A145,90d55599-e834-43e1-ac2f-15c41ee354ab,
A146BKRL,72fd139a-c06e-419a-8be4-224900f16f34,
A150BKRL,388c6aa3-fc76-4040-891f-226385309ffa,
A245TARL,c7658240-f52b-4622-ac83-cbc6fb76b58b,
A271TARL,1888df84-6685-4a57-b9cb-0b0c5ca19c98,
A290ORRL,3b95e3c7-ab4b-4947-90a2-3f96d170e904,
A301NARL,c00ad83e-554d-4a0f-9e56-594093585b9e,
A310GRWL,ea1300ed-ae7c-4763-bf9f-1935a174926e,
A315K8RL,c68773bc-8307-4c0b-86c3-b2830a618b0d,
A340ORBL,075bd556-e436-4ab4-9b41-353a712f618f,
A350BKRL,439fadca-331f-4fcb-8797-ba69368a103d,
A351G8RL,b3121058-c66f-450d-8388-4a32e6696f8e,
A360B8RL,50aa32f9-54dd-40e0-acf2-5049df867c0d,
A400,a4de9e53-1620-43da-a385-46a4068e50dd,
A520GRRL,923cfa83-a0cf-45e8-9c27-44c30711bf22,
A622G7RL,2147a6fe-0e7b-4e60-b1a8-f1ad56d32877,
A630G7RL,2850822d-fcd2-4047-8ee7-99fdb523c978,
A635K8RL,1785fafa-0727-41d3-856a-b315258d38f1,
A641R8RL,de8ecffc-7bb0-40ac-9f95-6b70ff92cfe2,
A643AMRL,fd097fb9-8333-45f0-82b2-bf018d16a3be,
A645E8RL,e9554d23-ddcb-45dd-b905-1b94e9239d27,
A665GRRL,d525fe65-4ac9-4dc6-bb7b-54c5a6eecd8d,
SKU-52KEYFO67A,#N/A,
A690GRR,f17774a0-5333-4b7d-abbd-931dfd16fa6f,
A691GRR,6da93aec-8db2-430b-8588-efb2e247e523,
A722G8RL,99768500-8c11-48b5-ae5f-5e41b286f7d2,
A726O4RL,c3e1573a-5a0a-4f1c-aeff-9fc56b9cd998,
A735ORRL,f0fb2270-eada-4c27-889d-da23c298ea32,
A750GRRL,b9177851-9ac4-4048-8060-b3644dba5cc8,
A790,78bc1b6e-3f8b-4645-988b-c93bbe8b8bcb,
A810,f274944b-360f-4247-b5e8-25e019ff3340,
A905,fb995ea3-1b1c-43ae-b047-49e622afe515,
A910WHRL,1c2a746a-fdd4-4e95-be4a-5008097f7861,
A915WHRL,7bfe529a-d762-47cc-9493-04a5013c5a8d,
B010BKR,b09fbb14-98f1-4417-b23f-a7ce30af2d59,
B013,74ea3b37-7a47-40da-a7e8-d327964d93da,
B151,b05302ab-2f78-4fc8-a27f-32d2d2d8e3d5,
B303ORR4XL,43618eb2-dfdb-4695-b2f7-26cb00623765,
B304,7f406b31-3cc3-4c86-8532-0dab4fddb0d7,
B305,ec5aa9a6-c0d9-48c5-86bb-97a311a9e267,
B310BKRL,8cbb6342-f0ce-49ad-b1d9-e5e676a67f68,
B315YBR4XL,c5f354b0-b317-47e1-b78d-76051c038ecf,
BIZ2BGRL,ec5340ff-52ab-49af-bd1f-05820787dad4,
BIZ4,b4248670-2634-4293-8bf1-8c9ff9c0a3c5,
C070,740087d0-bf97-4793-8732-84dcea938b71,
C075,197dd609-19c3-4974-b79c-e59696ac345c,
C467ORRL,e6ffa1bc-d2f5-4b18-a816-cb1385acd4e3,
C600,f433003b-8fe9-4ae2-baf3-0938213619be,
C676,2fa5260c-fbe4-45fb-bc01-ddd3dbe502cc,
C733BKRL,d22d08f0-88b8-42e6-ad77-d4347c0d9195,
C734,6aa087d5-e0ce-4ad1-a5db-9ea13a9c5540,
C774,d9ad9db6-c5be-4d45-b489-26fd37b83e4c,
C775,881d7972-a5f0-4311-9da3-b699b86d80a7,
C776,f549b876-377f-4821-b35c-12ec500abc68,
C803,0aaae55f-518f-4100-b8cf-74b2781cac24,
C811,9db35624-2100-4fd5-a47f-99f42561a743,
C813,3f9b49d1-d457-4b54-88ec-2beba2d4e552,
C833,0e321ba6-93e4-4301-b2d5-43c2f39fb730,
C834,b2c4875d-8d14-4372-b2ea-28558140b5ec,
C836,ccf5f311-9967-4251-a861-ee190749f4fb,
C865WHR4XL,274fee8e-8c90-4b49-a174-90e72e2dc79d,
CH10BKRL,860e6752-4b2a-4f18-b583-f6fa77ea61b5,
CH11,98fe5119-6c27-4966-868b-1dcb7c2ef4bd,
CH12,92006e9b-569e-4ef7-b64f-304d25f63ded,
CS10NARL,cbf18ecb-da97-4cec-b62d-47fdf5504096,
CS12,a6261206-8b9d-4367-b3f5-9c75b712d8af,
CS20BKR,0d50f30e-cc25-4c88-a8db-dd05c23ad04a,
CS21BKR,f87d3382-891a-482f-a113-22468a79824c,
D100,3cb4c521-4d4b-404b-960c-978c5a00d7b9,
D118,1f16b7dc-c77d-4f9b-88f0-f98e4f83c363,
D300,4ace5d1a-9749-49d6-9ce8-3cc9aef91f43,
EP01,#N/A,
F300,ca3f2521-cd7a-4604-aead-986dcda3b35a,
F301,47102f5a-47c5-4540-b64a-f3305591c221,
FR18BKR,2c77c237-a187-45c7-88f1-29986a420fba,
FR19BKR,78f811bc-0658-4ce5-b26c-b96b240a768e,
FR25NAR4XL,fb0527a0-3915-4367-9306-f2e198f7fa21,
FR26,a10905ea-e8b8-436a-8fd6-949cad588ede,
FR36,1c1e82a6-7324-4a1a-aabd-969ae53c9fbf,
FR46NARL,33819a1d-83a4-4f91-9e0e-53f06b71c558,
FR47,84b50e39-923b-4550-b120-f9c73f5b18f0,
FR59NARL,46222515-d6ed-48fd-a744-590368cd87cd,
GL10BKR,9f40c650-b436-4f7c-bf45-bdc0bfe10911,
GL11BKR,40d015d6-2083-4a12-873b-5772f10f68b1,
GL12BKR,e20e3f16-f5c8-46b9-b465-0ec8be361002,
GL13,b600f93c-5d93-40e6-8594-909afac53662,
GL14BKR,fd44cdc3-60e8-4c2f-8925-dcd3fb678aa9,
GL16BKRL/XL,3d57639c-d8a1-4da1-bf4c-8239f6738a70,
HA10BKR,955a5b14-53e2-4593-b2f4-61b872fd9572,
HA14OBR,e56f83a5-a359-4f5b-a80d-c5ac956f438a,
HB10ONR,edc82416-8430-4419-b40a-183b4a693066,
KS54,8049edab-2fac-4cae-8c71-6c1d9cd7850a,
KS55WHRL,fd84cc54-7ad6-4414-a5ef-e6817af25d66,
LW13,1064d40e-d253-44fe-abc1-ee8329a3c61b,
LW63,ff2b92ca-50bf-4c87-961e-8ae237939ef4,
PA58BKR,e4469b4a-37f1-4612-b17c-8c91a92ad2a0,
PJ10,d358cd70-e90f-4e5f-b7ef-788833a3074b,
PJ20BDR4XL,4913b239-5c24-4c80-bebd-c768a72bdd6b,
PS04CLR,a3299608-c027-4954-983b-7e39fb866510,
PS50RBR,efdcfe3e-749f-4968-9bba-d496802e505b,
PS53ORR,e948c528-f305-4435-9b91-accbc6b79d42,
PS54NAR,f8db3fa3-47e9-4e63-925b-a34ffdf0e78c,
PS55NAR,42ad1da1-fa8c-4dd1-a0a0-e4cebdf44056,
PV54BLU,3138281d-4674-4efc-bf2a-2b0c5f937adf,
PW33AMR,48ea9ae8-8344-4d74-9d98-a19ca1eeb59f,
PW35,25f37402-d2f3-4f10-89e2-da38830782ee,
PW37,6cf78696-d1ed-4fa2-ab11-bc9acc23e3a2,
PW39,40ae7bc3-c2a9-46eb-bf1a-b911fcf555e3,
PW40RER,96602f4c-1840-47e5-99b0-41e5afb672c8,
PW41,7056e2b8-85c5-41c6-8cef-f59217307991,
PW42RER,86c8b919-5736-42fe-a9a1-f6d2fae950ae,
PW48RER,6af3291e-d437-493a-90bc-b2c8a811f9d4,
PW50,c442f397-1e58-4efd-a9ac-913e1a039308,
PW51RBR,350b8136-abf1-4222-93ba-66169f423367,
PW54ORR,6e06ee4c-1804-4657-acad-09e58d4920d4,
PW55ORR,3cf48703-67e7-40a0-814b-74d0d1b107c0,
PW59BKR,65a21bcb-7cd8-4254-9121-05421ba10991,
PW69,681c5c82-6c6d-4391-8694-1ec4e183cbaf,
PW79ORR,706cfa10-0acb-4e2f-981b-8a4fcb087875,
PW80BKRL,025a5a51-84f6-4bdd-b901-e1b2cc9a05c6,
PW81GNRL,#N/A,
PW89BKR,58bd35a2-7adc-4e3e-9432-3a55660e9ed6,
PW97RBR,446afa1e-278b-4819-b0f4-7131875dc659,
S102BLU170,5e5a251f-9387-47c2-9d21-21e8baceec12,
S171,328b22b2-dadf-4ce8-9120-bf83d180291e,
S267,32201767-5b94-4375-abd9-439ff0e4f512,
S277,03d97d74-a238-4f75-b6c9-98de500b4b53,
S279,39b9deeb-9d29-4872-9842-98c6003288d9,
S424,ae9c5e5f-acd8-4b65-8392-016e80ef3dae,
S469,6e6f0f86-5563-406e-b965-0add811c455c,
S477,661bc951-a2ad-4af1-98d5-0cde56090127,
S478,3f3e670f-cf96-43ff-adf7-02f3d3a24762,
S480,f3366350-19be-43d6-9c60-3ceda9507e2b,
S534BKRL,1dd82632-5fef-4a7c-918b-5c2d9ce18b45,
S535BKR4XL,8e0efef5-5a34-4a68-a565-69e023e4cb32,
S770,b179c6c9-dbe5-4543-a68b-ebc41ccd5dc6,
S771,ffc5a874-9466-43fc-adca-3a3f18ca59af,
S773,42df5001-71ac-40ad-9801-4d73d2b191ee,
S774,8bec9f31-024e-4bdd-bb03-e1ac592f3c0f,
S775,d366bf74-3efc-4de4-beaf-690ee07c7367,
S776,94267231-c9c6-406e-840d-4718bc36bc16,
S780,fd858c27-d425-4366-a921-861628985858,
S781,bfc42eff-932a-4d22-b881-4490cd5afc3a,
S782,f8089381-4baa-4b9f-89c9-1b66084e1ab0,
S791WHRL,a42338f9-c511-4770-a2fd-288158b4b91b,
S810,ebab7700-bbfb-4923-9bcf-b74cb4d10504,
S827WHRL,fc5cad6a-cbfe-4d79-b3d0-89f7a2b1fd09,
S841,070ea0cc-68bb-4add-9f23-16789a20ff2f,
S843,9dd5c9d4-72d3-47e3-add2-59abab1d8b0d,
S849,6f97769c-6f07-4561-a98b-bbab94c80799,
S855,a892d988-d099-4e46-899c-da6b73eb2b9e,
S894,35a35a05-4a5b-4b06-a220-2be222e96d5f,
S899,0c10c1ad-cfd5-46a5-91fb-eb12e8077e14,
ST30,69e42594-a589-404e-830f-6efb63d6b5e7,
ST40,4ffda968-5b21-4322-b5ec-a621dc478490,
ST50,10dbef87-30c5-4558-8a1b-22e027bef4d1,
2028,#N/A,
6601,#N/A,
6632,#N/A,
6735,#N/A,
DRM6916,#N/A,
CAS120V,9966587a-934f-4f8a-b128-cdb1d5155902,
134,84320c8b-6e9e-4e24-8ec4-55a557f92922,
220,7075c0f7-b73c-483a-a3ca-c3beda2eb6ff,
229,7e1a4262-a633-4443-8133-35d56d2642af,
251,8e5a23d5-3b78-4044-a24a-c15156f40913,
262,634ab4ed-d9fe-48d9-acc8-3952a3c12bbd,
299,bc927b92-78ac-4382-a9b8-abd822aff2be,
320,3b962eea-d933-40a5-8781-fa88b9d56075,
323,e189384b-ac55-4a00-81c5-923385faa2d2,
SS613SM,2fae3dd6-be50-4931-9090-1f90bff6025d,
APKHT,673f8ed4-0875-4d3b-94a2-6413a51d74b6,
333,0cb30cfc-f3c8-4488-9765-f783aeae5b0b,
344,9871ee18-d105-421a-90c3-80a142c6bc91,
377,03571689-32e7-4e70-aeaa-f6817b767a03,
444,024cd5d4-faf1-46c5-b77e-88db6cfee6e0,
700,7a83d6fb-c554-4bb6-91e8-1f0375a9baa6,
710,2c19b726-5e61-4081-8136-355a8a8958b2,
711,516c189d-1361-42a6-92d6-7d67899a3aa4,
717,961bd7b7-fdd3-47f1-a3d8-e773ea2a86f2,
801,e1897019-64c2-45f6-9ec2-80647d1d41ae,
802,94662a2f-515c-4283-a671-f37b503d49a5,
808,9390e75c-6b97-4c88-a867-97deaf5b1cb0,
TUFF811,66eb4a52-2f95-4686-a0df-10e94cb5e34d,
920,70e90f4c-4a1f-40ea-8219-2eaf2a472b22,
FF100,2adbde3c-b8f7-4f88-8cfc-ec220bff9edb,
FF102,ff3a5e56-cd4d-46ec-a9da-d0a3d1e048f9,
FF103,57aca628-a068-4b26-99a5-630dd98b2441,
FF104,51c8f316-7403-4a63-8d7a-ace63e09c215,
FF107,87f9f7e1-2993-465a-a7af-2e946f21843e,
6935,#N/A,
DEWPRO,891a977d-4340-46eb-9730-f35989c7de74,
282,acf5151d-86a2-4e6c-bcef-67efcc1b6153,
366,c6c069a4-a439-4dbb-90c4-957ddd1d9895,
FT15,c00a960c-c2d4-4506-8ad4-5f2dc22a8fb6,
ATS3D,8e4e0c80-d322-45d4-ba84-627a40ee7b35,
S451,3a901dc8-712c-4633-a6d2-6e51f6a66507,
S068,d59adc42-50f9-46eb-8499-e1f097807fdb,
LW97,a74e4d34-dd52-4941-8f2b-97a26f5fb6c3,
E041,c563ab6e-1058-46ef-9113-1ee2f3765d38,
C079,d0d1f461-1de5-4a5c-b06d-0586160bc267,
B121,c29f42a0-fdcd-44f0-bc3b-f34d8d93b900,
LW71,313dd56c-e850-4f10-9a85-0b5801b9db5c,
C071,2fe8335c-117b-426f-891c-aef7d293849d,
AQ060,0e677ec6-c592-497e-a98a-b1f272ec9e4f,
AQ050,c4f36fbf-410e-42fe-8f6e-76849fa284e2,
UC108,4be6ee11-6abd-4f89-b7c4-e79531b79574,
A925,65644f96-e620-4fe8-9519-80b8f922b0cf,
PW30CLR,a6621418-2bba-4f05-a732-3b46acc02136,
P005WHR,6b3b457b-60e3-4e3e-9512-52fcf4867f6c,
FP14RER,5dc85bc3-1f8d-4bc3-9e1a-c480292323e6,
FP23,3630f426-7ad7-48c6-896c-adbcc17964bc,
SS628SM,85810ef9-70a9-4392-a929-930f9e1e3fc3,
GD001,be8b5c68-edc1-4dd4-9994-cddd30bedced,
803,10ced9c8-32a2-4a8c-9a90-8f4462bad7a0,
T185,7f873ccf-74dc-46f4-ae25-40a6b01b6d6a,
188,6a67bd14-2ca0-432a-820b-81c83e77d963,
SHARPSBURG,6248f5c6-5d72-4acf-8524-fcf56bba146b,
EP02,bcc0831e-2298-4b0c-8497-a95617156f35,
EP04,ae13c264-d8a3-4000-8fff-be3d876dcc16,
EP06,9b7c97e7-7942-4a50-9968-321f4b2219de,
EP18,bee1fcac-a580-4670-8082-93ec5eb1dad9,
EP30,9addc157-41c4-4d59-85bc-9fbaa3725cb7,
P100,641024e7-ce91-4ae0-94ae-c0efdd2fb161,
P101,c690efba-171b-41c4-ba76-621958a5a282,
P153,28dda29a-e01e-4213-b1c1-d7ddadc629e6,
TUF606,a7e52b74-c8ab-4cf4-87b7-8ef9cd65b616,
UC902,4c4b5fc0-2a96-468f-aaf7-92dd7d7d0aaf,
4300,f6e0c265-bada-47c9-a027-2e31a1256064,
UC203,ef5886f1-e8d5-4f88-b679-b5233da0a267,
UC621,20456373-9fd8-49e9-aa81-c1b12a848fdc,
UC612,ba5f5658-1fa0-425b-a3b3-ca37c7f5957c,
UC901,305b3775-5622-4faf-98fd-c91b80b46716,
UC904,fc4c88b5-5819-41fe-9633-cd4434356c48,
BZ30,703b8bae-97a1-4646-8827-f9641160369c,
UC108-BWS,9c03c2f2-bed5-4b56-8dca-d7160b674990,
725,e8908478-730b-4954-93da-a1348ebfad92,
B410,f91b8919-fa39-4b05-b06c-1ac7d73f81ca,
B414,ce789263-7a92-47fa-b9b1-75f359e8e7c9,
204,6231646d-da5d-448d-b510-30afd1ac1810,
R39X,aabcfd7f-d0a0-4f74-be23-ac056edaf8ff,
RT22,6e44ca5e-b436-4bc1-9ae1-bce2306d1e4d,
UC902-1,f9c58855-b98a-4264-8f56-cb6119589008,
38081,8166e08e-9743-4a25-91c9-8c55b278419c,
38081-1,aa3cc970-c404-497f-8cf2-d0d1be51ed04,
UC804-1,678783b2-a802-4537-98e1-aef2621df0b3,
FW10-1,356076b0-ae8b-4ef1-ac55-c904d8a55f1e,
PW30CLR-1,9b632625-40c4-4c5b-a001-b9d183f54bb3,
RT22-1,0d6ed4b6-2322-4ec3-a3fe-24edf351945f,
A400-1,4940c597-a63e-4dd1-82cd-95221997fa60,
A146-1,1ac5765e-da61-44c3-a7bd-98583ccf7c85,
PW50-1,7f075b97-c218-4512-8784-bf61cb9786c6,
UC106-1,#N/A,
UC712-BWS,4521a273-5883-4181-9dfa-22f13fe573f3,
UC711-BWS,e1710d84-cd72-47c7-bb23-1e12e59c709b,
S545,81ce26cd-0519-413c-821a-b4d2db0d048b,
S545-BWS,822b85b9-b626-4e4c-b4ef-d45f77c08eae,
S544,00b716d8-01e0-49a2-b43e-4093a3068650,
S544-BWS,196adad0-4488-41c8-b966-d4ace5bf58e5,
KK353-BWS,fb895e71-a1ad-4ab6-b02a-b33b6a067d8d,
KK354-BWS,7b96e9a9-4d84-415b-a9a1-4eeb62fb858d,
BG260-BWS,b07c52f4-442d-49da-8af8-04d0f792c648,
QD86-BWS,625587a8-cdf4-4b19-9ba8-cdbff04e7b8b,
UC702-BWS,756c76e7-f075-4702-ad9a-3dea2622e674,
UC701-BWS,4f2e3a82-3861-4ed1-8acf-3d96f221d80e,
S543-BWS,8b34dcbb-bdf3-4f44-b630-b60ab079b3f5,
KK352-BWS,2e67022b-e32f-49e3-8caa-d10a8293e03f,
UC803-BWS,e8f6542c-6b43-4293-ab36-388b42ecf71d,
PW79-BWS,d0b6e5fe-3fe1-4d02-9bd6-c24566f63d24,
BIZ5-BWS,7848eec2-ac80-4418-8250-7303e6b0549d,
S601,413b0ea9-1e1d-4fc9-936f-9dc09f581cfc,
S160-BWS,6fbade12-7d2c-4a02-a30a-99a531610316,
S278,e556581c-0205-46bc-9976-9266ac6b85fc,
SS628SM-BWS,e5ef4b39-3fbc-41c6-929e-6ad8d104f69c,
252,c1bb9a36-73b1-4119-be60-6cce7a88c959,
S160,6923a6f8-c19c-42e8-a6b4-35161482e2a3,
FW13-BWS,e75afe00-dfe0-46d3-acce-5186376d66d7,
710-BWS,2b440177-7cb0-43ed-a473-bfd8bb5ada1d,
367,c50f43df-0e84-4699-b24a-10bce9d10c50,
R121M,b36fabfa-e1a3-4eb8-929a-1d321d82b456,
BIZ5,7666a3d5-5d39-4a21-97d6-5496fcddf6ec,
BA406,69257b7c-ac55-47c6-a86c-8432e54f5aee,
T402,6c69c40b-da48-4038-88c2-6207b8bacf3e,
PG241,7cf67eef-0e59-4bf7-8ce8-44d296bdbe1d,
BG260,80d71403-fa52-4aa8-b0a9-a77a65feb61f,
KK352,9435b944-5dbe-4d8b-aba1-90d526da51b3,
5721,d5b3c0b9-028a-4f12-9e08-d7150f38ea51,
UC801-BWS,895acaf3-c4f6-4ff6-9c66-fb3b9819c3bf,
PG241-BWS,2b017046-512e-4a04-9d67-c69153e6edd6,
S543,b24b903c-2451-4453-a8fe-47fde69ec880,
T832,f1edc41c-02cf-47e2-a33c-67dcf1bc11f6,
BC445-WF,38d46323-991d-4e6a-b9a7-431d63d06e7e,
5310-WF,#N/A,
5360,f4bee9ad-bacc-4e1d-ac9d-254552a8c8ff,
UC108-WF,702ecb74-ba43-46dd-9549-cf3b9e0b6f09,
UC113,7208b8ac-6142-4961-ab26-16744bbb256a,
BC285,#N/A,
NM3-WF,70a62ef6-56cc-4462-b25a-1317040f4b01,
NM5-WF,7fbfdbe6-af63-45bd-ba27-b31511cc512d,
NF10-WF,b2982702-458d-465b-8f53-8cb1298c86dc,
NF13-WF,71f99e6e-24d3-4fb7-b6c5-894fabec9b30,
PR710,049a0c9c-0096-4991-90b1-dd015cde83f3,
UC906-WF,e52a5e35-553a-441b-ab6b-7331327d8425,
RE95A-WF,6e622218-dcb4-4f2e-a5c9-9d789cec70d6,
FW10-WF,c39cb0ca-15ef-4683-9cf1-73fc977836ba,
SS628SM-WF,4fec54de-718d-4291-b446-b15aad00ddc4,
A146-WF,3f6de7c1-d23e-401c-bebd-e0a1710a12f9,
A622-WF,e9e0f3ed-db36-4e3c-8e21-fcbaa5365c52,
RANGER-WF,fe4e5396-9bf9-47df-b941-9915f56629bb,
APKHT-WF,54d8c1a1-dee3-4379-8cbe-b0653f03de06,
BC244-WF,53542ae2-10c2-40fa-8157-eef28fe277db,
S687-WF,73cb7f73-d710-4edb-8f77-db4b1f4ea74a,
UC807-1,8d1f6c84-ca00-499e-a24d-ce1a760821eb,
UC902-1-1,88ffbe0e-3790-462a-a459-5d53e0d98bef,
UC905-WF,4b1050fe-ff85-4096-90c2-62ba0554257d,
FC63-1,0de07a5d-db2f-4440-92cd-3e861e427973,
FF100-WF,148a040e-5956-4bce-9e23-6c95df6303a6,
A150-WF,84d215a3-6d34-4896-bc05-3df2eaf276d1,
AP01-WF,98d68bb2-0dd1-4d54-b1a4-a5736d2e96c9,
B296-WF,07ff4646-daa7-41d1-924a-c6eec964c1d9,
S440-WF,e385f0e3-38c9-492e-9377-68f7b1447fe8,
S441-WF,f80811d7-bff3-4858-83f4-c56d3b2cf7e0,
S810-WF,526fabd0-8a82-49a0-b5b4-3497e6ac3bc0,
A400-GE,c6da2a4f-dfe4-4b0b-8903-aead4eefa5c7,
PW30CLR-1-1,dbfb28b9-2bc4-4dc6-afd5-785d82da2040,
PW37-GE,5d07a9a2-4747-4aeb-8182-0be610e91be0,
SHARPSBURG-GE,03cb580b-ac4b-414e-bff4-7aeee9458439,
FW74-GE,b36735ce-f56d-4cd6-bb4e-554a3334ea28,
SS628SM-GE,87e6e89d-3618-4434-a193-79e0b21e767d,
APKHT-GE,db83566e-cbab-4486-90d7-f6b8ffdf9c19,
UC108-GE,2b262000-843e-424b-96a4-22e287af4615,
UC203-GE,34b15e8d-5430-49d6-8701-06b3f72b9e81,
UC801-GE,c44ef75d-a239-451d-a08e-bc0749a07705,
UC803-GE,725292a0-76c9-4140-89c9-aff405d3a3fd,
1790-GE,c86b69df-7bb9-4974-91f3-306a25208671,
1120-GE,66917383-30ae-43ad-b892-2a4b9b0ed39c,
UC108-WS,#N/A,
AP1,d40c4884-484a-4b44-bd35-41464c6aacd8,
AP2,97ea6d8d-9fb4-4138-8e54-c1b2fd43f114,
AP3,e63d18cd-4251-4b75-b4ba-45a3fbb4ea5b,
AP5,a20f60d9-7a85-424d-b52b-862e4b7e3472,
FW34,51178118-c5c8-4050-8224-411335d9ac41,
TITCHELSEA,fe5751a7-1622-41fe-8f74-a3d2245ddf32,
TITHIKER,66b677d1-3ca7-4849-b839-8750888cebed,
TITMERCURY,2f552917-d5e8-4924-9567-8ab868590426,
TITRADEBE,9668d1f9-99bf-480b-be05-a51ec4cdb257,
TITRADON,1b53eb9d-2495-4076-96f2-918472194be4,
TITJOGGER,097f99c3-35da-4559-9511-cabb03235ad3,
ELLADAISY,f2a81a33-ef92-4871-b672-3d7c33e73ae0,
ELLAJASMINE,4d0ae0b4-a43d-4bc1-8135-34167038e89d,
ELLALILY,b034b197-5939-45bb-bf61-6b423d5062c0,
ELLAIRIS,9b2b20bb-9f96-4938-9ef8-99abe7dd9b0f,
916,766e48c1-b906-40ea-b986-4b97e2ad1a46,
UC203-WS,#N/A,
8600-15,30851632-9941-4c88-a84d-d3065f6fc2e0,
LW20,e5e09d14-dec6-44be-a79f-95c983fd006d,
S998,08ce5aa3-14b8-4718-8fa6-f49beaa8aa53,
UC509,ae9ab4ec-7956-4480-b8f3-53e6fcc53312,
UC509-WS,#N/A,
UC604-WF,17f7605a-5ce3-4353-a192-f2517b816aa0,
UC203-WF,2875c2fa-c94c-4ea9-baa5-1feed6c507a8,
UC804-WF,5169d642-0bac-402d-bd92-569febe6ab0e,
UC803-WF,856d2c33-a0d8-4603-b6b0-d987320d168b,
UC801-WF,0faddfcc-ddf0-4f82-ada2-af5910e98571,
UC611-WF,e864c876-a6cb-4ebd-8de0-140868a69b42,
UC314,eb3a827b-cfac-44ee-9007-d8e02ac7f2ea,
KK352-WF,7bfa2165-6cc2-4c41-b9ab-1c85338cc575,
B10-AU,d813ae1b-782a-4a46-b20d-1031925e8d68,
LW20NV-AU,0c7fc693-5d3c-4070-9b27-1110c7223aab,
SS258-AU,b7f10355-3b1d-4600-8944-eeaeac6072bd,
UC106-2,#N/A,
UC101-WF,8ad63f7e-4380-4fc7-927a-76f358afd476,
UC106-WF,978fd465-f858-4546-8c49-82e8a0abc288,
UC108-AU,a86a25d9-6ef7-4fc2-a8da-91be067326e8,
UC113-AU,83a973f9-f88c-4c55-bbaf-d878f344e28b,
UC203-AU,9f857788-14e9-47d6-b8a4-de89cde6ba59,
UC204-AU,cf05c51a-48e9-4050-8c50-96abc869f697,
UC604-AU,1b1cdf4f-3e0f-42cb-8c77-b59ec665f1e3,
UC709-AU,e1574089-2c06-4f6c-b24b-176bb471dead,
UC315-AU,2af6f0a6-0b12-49ac-9435-131c2daffab0,
UC317-AU,a6d444ec-491d-49d3-8890-ad5ecd7eca64,
UC301-AU,9cb5141c-107d-468f-bf25-dc3e664f4946,
UC920-AU,7b25c92e-0363-47a4-8c69-50cfa6e3e3ee,
UC601-AU,4f1d89a5-5daf-4395-9b55-4b0a14d5278f,
UC801-AU,610a4f9c-70d8-4544-9e83-d25fba99084b,
UC803-AU,9837a89e-da30-458d-930c-678a3daa51a3,
UC804-AU,b13571da-954a-4500-9c52-06b0e48582bf,
UC902-AU,3f6bd4a8-7468-4e27-90dc-e2efa1d11a8f,
UC905-AU,9eb7c60b-0930-48a2-8f44-dd54ba450c0f,
UC906-AU,6cf52982-80de-4153-80e6-29d2d111c6a3,
C814,6670f4d6-0527-4977-8156-913d97cdabce,
C814-AU,d9458e78-e02a-43b1-9d19-281053956ff8,
BC445-GR,421421a9-eacd-4287-9249-3d9d1aa49c5a,
UC509-GR,fefdd503-15a1-4b54-a97a-d4b9929b3dcb,
UC604-GR,0fa109d9-3555-4e28-8c20-fe67eb53dfa8,
UC612-GR,465dbcc9-7c12-4116-a534-1c049a77697a,
UC801-GR,eb230e61-7bc4-4730-ad7b-46477512c5bc,
UC803-GR,e2842e7b-8514-448d-859c-7e6caa2026d3,
UC807-GR,37d29a9d-26b3-456d-9af0-5f73ba1e6595,
UC108-GR,c6e64cda-e3b2-46ea-96f0-b3ae7eed77a2,
APKHT-GR,0146892c-1585-4c46-b0c2-a49609b40251,
700-GR,89d4453c-8622-4841-8cba-ce0ba64c8134,
717-GR,92e20165-aca0-4847-8646-e98c40b6972f,
UC901-GR,5d0cbf30-6362-46d0-a4bf-96e1c1e45aa4,
UC902-GR,04e8b069-70ff-4e9e-bc5a-81089bcf14fa,
1889-GR,9b399997-4830-4a7c-b6df-0dd79cea44b7,
PW37-GR,0fbfbf9e-0f03-4c7e-8046-c10ef9e56139,
PW41-GR,43fbbcd3-6d9a-491a-8de3-982c79d73584,
PW90-GR,704586ab-11b9-4b6c-ad22-67fb92cadca0,
A120-GR,a4a89544-c7bb-45c2-a591-f7ac06b7c22e,
A530-GR,0173e87e-06a0-4cd7-8830-e6b107d66459,
A721-GR,abf54812-75f6-482e-ade8-046becef0401,
FW31-GR,5a894bd5-855f-4836-9142-cb9f6ee46486,
TITJOGGER-GR,2667718b-d873-4ebf-a037-f68a998c66ff,
TITRADON-GR,5d1d11c9-20e0-4d57-920d-753f317e8974,
TITRADEBE-GR,41f3890a-8fbe-4eb8-b5c6-d832e12f6e85,
TITMERCURY-GR,e5ad6211-c26e-45a3-ba1f-3d28d5eb1cd8,
TITHIKER-GR,3f40a87c-4c17-4f49-961f-e6cfa8841e57,
TITCHELSEA-GR,b40bc466-2a15-48c6-b61e-af470aa01fb4,
EP04-GR,a80b8a01-d6f6-4b47-9ad7-94164e7ef526,
FS008,#N/A,
KK705-AU,#N/A,
KK403-AU,17aae5fe-e39d-4d0a-84b6-c5363b430bff,
J80,c5d23d48-94d3-4388-9b21-5a13dacbcb1e,
35411-TS,d849706a-59e0-4a9c-9ff3-e8ee58bd8ce4,
C030-TS,51e23db7-7e92-4308-9f27-ae8eeecbc885,
4280-TS,ff3bdc19-3d47-4519-bc44-42d51905bafa,
KK352-TS,f918b8ad-99ea-4139-8e10-119282178c1b,
UC108-TS,d9843bde-c7ed-40da-84ed-48311bcde753,
UC203-TS,eacbd9ec-741b-43b0-af23-00c7d234f0ef,
UC509-TS,d5e62178-1dbb-4393-82c5-d8080f9742d8,
UC301-TS,bb581f59-412b-4df0-81b3-b6cf420c5c89,
UC604-TS,697218ea-5b57-4a45-9a5e-4c856253485b,
35411-TS-1,c122813a-5c06-4062-98e9-595e64b69dc7,
UC801-TS,d9fc1008-89f5-4134-a957-cc849fd65e52,
UC801-TS-1,2f67bc93-80f4-46b1-b0a3-6e4e1eaff29a,
EP04-TS,6d422933-5303-4d29-9dd9-e575a2824fc8,
PW41-GR-1,c6baacc8-4805-4cbb-8428-44abe5963e70,
A120-TS,a8ac5490-0687-45c9-b6ac-ba287b2edc3f,
A150-TS,3d4e32b0-241a-48fc-a198-15406d7d9149,
A500,52d9cf5d-7a13-499e-9d26-675857ba6e0f,
A310-TS,c7065d31-8235-4ed7-ab6b-2c91c2b3df6b,
PA58-TS,e9c3d748-3a2b-48af-89ec-77a381ff463c,
PW50-TS,1b24fef8-0e30-41b6-8f57-8572ebd30245,
PW37-TS,c81a405d-b01b-44a9-989e-334ad482cc93,
P301-TS,7ae76b74-a42f-4daa-a6f4-1b5c7f9320a6,
SS613SM-TS,0b0f299a-321d-483e-9814-1b780b2e2210,
UC902-TS,869e8fa0-3295-4657-a062-a8198561890c,
220-TS,da329b3d-e8c4-430a-8f43-4929ceda4ea0,
920-TS,496b59a5-74ea-4a05-9bb3-fa65cff1dd48,
D62,320da832-5225-4432-8801-d10ce65f05a2,
UC108-CF,cb4da65d-89f8-49a1-b186-b46e1a16179e,
KK352-CF,c9f473f4-2072-4857-942f-570da6f95afd,
UC203-CF,7ef4893d-ea1c-41d5-85bb-6bb8b152234f,
UC509-CF,c9a8fa76-fa6d-4bd7-b364-0db998e31abd,
UC301-CF,6185c70b-00f1-4905-8f3d-1a34f79f7f99,
UC604-CF,c23304f4-12e7-4baf-9150-a1baeeddfe05,
35411-CF,9c79b1c0-a39e-49c9-a792-a3262e8e0920,
35491-CF,b17689e2-5271-486e-8904-e18b40c6a63d,
C471-CF,b0ede471-bbc6-491c-884b-325acd4b7a2f,
UC801-CF,5bbb316c-deca-43ae-85c5-3cde993c0897,
UC802-CF,50a1b92c-6dba-46dd-a5f0-f64741aae1ef,
920-CF,4f68f43a-7213-4a09-a87e-e3e159872773,
220-CF,0a03c728-efa1-4d44-bea2-842396cb04b1,
UC902-CF,666d0159-6f8d-4af3-a623-e70db06dfc8c,
SS613SM-CF,af6fc000-56a5-4623-99b0-b0fb0d4fa19c,
P301-CF,9a7507ce-e5ad-445c-8f5c-7a76b3e0c564,
PW37-CF,5d7e7355-cd2a-4d12-a15f-e8d3b416f208,
PW50-CF,4533d934-b6d8-43f2-a0c8-5254695b9c1c,
A310-CF,ffc9a852-86af-4505-9288-525bb0a0189f,
A150-CF,27d3509a-480e-42a1-945c-378cb7d1af30,
A120-CF,4c10ef56-baee-4213-a65d-a959408e7e68,
PW41-CF,bca18c9d-438f-4bea-9468-efbf97008195,
EP04-CF,e8e4d853-01b1-4c85-b480-ce674ea59be1,
UC301,b19850c0-450d-45b5-a3fc-464ee384f6eb,
B900,7c1877fb-18fc-42bc-87b1-37590e4fd7aa,
R225X,072bff48-f6b5-4106-9bd8-9d072e927b3b,
SK21,44bea535-0474-4991-83e9-3fe6170da15c,
FW16,62a3226b-d86a-407c-8ede-e5728587274f,
FC61,f81810e9-6daf-4f07-957d-87329b773611,
90100,53ef8d50-07b7-4909-8f0b-18058812da3b,
FF109,1ad47a25-607a-4fe6-b858-4e3503d56e27,
S817,baea5aa8-01f1-4db4-a519-ca3c7d53fc83,
KK118,27799f58-5277-4bc1-abe9-fd2d2a72c4c5,
KK702,f4fa8694-d6d6-41e9-9c35-949a736bc12b,
KK187,cb8881a9-7b90-48cd-bed2-95d394508b1e,
KK109,ffa95281-2506-4ec6-8a87-166ebcb767b1,
KK184,049658d8-2c93-443d-a914-3f659a7eaa43,
PW345,8a6eba09-0967-4690-9ee2-89758232cc52,
SWW-45171-D,3f6c3ac9-374f-4bb6-b82f-7431d1350995,
PW343,f7c5ff06-1dba-47e8-b219-d8079a38a18f,
HVW801,6ce3fcb9-a5a2-4a3d-a506-77d34c722379,
S476,9a46e5f4-9a91-40c3-922e-c9e52a5e94e0,
BIZ1,6abdc2f3-ed24-4573-a403-38d6f00cc9da,
S839,618cb296-9275-40de-a29e-09f204ccf0f5,
PR150,6601d832-d47b-42be-b6d5-61756891a716,
PR698,5ef9c2b7-e3f8-412f-9403-19e2573fbc7a,
PR696,9ece992d-9362-4e45-939a-3ff98616ef4c,
PC387,1f5f8ced-28b2-435f-a53a-402ed251d40e,
J90,c66e3f9e-879b-49cc-afa1-b22ca4e9d25b,
544,287ade5d-9133-4a8d-95df-243126f6f406,
570,7759fb32-ac0c-471e-8b21-75cc18005601,
36S,a8d6ba07-c048-4527-8076-1f53fa2a80a7,
HVJ410,edfc7ec5-b022-40af-a860-08b71e5ac621,
T184,8a8c196e-d946-4b0c-99aa-f88075d86878,
BB3000,27c2965c-5b47-42ef-95d9-abaa2dca957c,
PG400,052fe329-e358-4763-b0b4-eb276ad871e8,
AP50,5e18581f-35c9-4a73-8e1f-015491d54f22,
AP62,4e5e31a4-5cf4-4a27-b97a-86d9cb4dbf41,
S460,bddfdac4-05ba-407c-bcb8-beaeb697e2cd,
3978,2cfa5b2f-e503-4524-98f7-e79f5fa7d719,
S173,dab2f194-50ff-46e1-8453-afa93ed55a47,
R329X,efc2d400-d6a7-4833-a377-40788b6a6e94,
C469,1244190f-da88-44f0-8507-88980d178e97,
S426,32ec679b-f4a2-4fa7-94d5-910a73a8a249,
CT101,db745166-c065-4995-b810-48a7a096fcd6,
TRW297,c6aec7c7-0d68-460f-8676-4ee70e5796f3,
256,37edbafd-0ba8-4f2e-993e-df8ba7d57e96,
T703,4020924b-0a61-4c9e-b185-520a3f855b1d,
DWC104,#N/A,
RG078,f6df5017-f041-4e7f-9279-b799d8521518,
62045,46bfa187-2fd3-426b-bbf7-9caa9508fd31,
62009,4b6de716-0cbe-4561-b548-8889a1d9c289,
KK353,3303204d-6c7f-4a96-aab3-f0f253669e97,
PR697,a1fb0219-30c5-46a4-bee2-13db19af40f3,
KK727,f2fd9f69-3693-4e26-affb-fde21fcdc000,
PR171,0ed523ac-35ed-4f12-bf0f-c8849a84894b,
LW12,beae7eb3-5d25-4f24-b455-6b471bbe0899,
PR682,99c24631-8764-4347-8491-cdaa77321c3b,
TRF549,c82fa3d0-0b4b-4ce2-ba30-4ba081796f5c,
KK475,7f0f3f92-e12d-4c57-8c88-0435415a480e,
SS204,ba251fa8-f10c-4209-8736-c81fe87a825e,
B309,ba161538-d267-4658-8be2-f2b65c0e9c5c,
B123,e6097fe4-3074-40a6-9305-b312a19a5730,
FW47,e6148039-a415-4a77-a9f3-1ccf71a0de12,
FT41,245753d4-6ce8-4111-84aa-a34b7edf721a,
SS403,6c45d099-5265-4b26-b1f6-0649ea81d064,
AQ022-IA,c9072920-2d52-411c-a9ea-09479b8c970a,
AQ012-IA,c012c224-f45c-4af0-a9fb-c035219b4878,
BA406-IA,2f7905db-b92d-45cc-9538-32d96453510f,
BA406-IT,d3b4ed07-d330-4e9c-b027-e0413a16fcce,
KK102-IT,8e07a227-8972-4d1a-803b-2b1b1251d8c6,
KK105-IT,2ad9584b-a625-40d0-b39e-87e733fae067,
126,9f0d9eb8-4a80-41e9-a335-0c96f4ced8e3,
KK109-IA,4824c2e1-f6f5-4f58-83f4-7cd2c9eb887e,
KK183-IT,aa42efbd-b89f-4bed-be1f-9e03a24465aa,
UC801SD,d9b218c7-8828-4846-af19-2e21ae62e78c,
KK184-IA,cb0f625a-df17-4a96-b7f1-49b466341e27,
KK187-IT,21b3007e-0518-45a5-ba4a-b11a3bf0a09c,
KK188-IA,3c8c0b93-ed53-401c-b176-b57d7f22ffe6,
KK191-IT,0d766932-1fd5-454e-ad1b-fe5228939943,
KK703-IT,#N/A,
KK902-IA,93fbf625-db5d-4276-8e5e-e4cd3b7abc4a,
PR309-IA,9951bfda-57fa-48ab-8a54-bbd78f51b63c,
PR694-IA,83d2dd6b-987a-4ecd-8e92-24857f4cf7ec,
PR696-IT,95722b8b-647c-464f-8e5a-28ef6b6a6e9e,
SS310-IT,665c900f-e47f-420e-bdac-ae9db298bb10,
UC108-IA,c10debbe-2cf4-4f6a-9ff1-1a626bd01f80,
UC203-IA,0a6faa09-00b5-4987-b269-2596aaf51314,
UC604-IA,4c0b9988-6a4d-4339-aaf9-21b8dc53e596,
UC611-IA,242697ed-0e07-4a76-b03d-2deab3fdeb45,
UC612-IA,1a61209e-af7a-47a4-8ec0-349d12c52755,
KK728-IA,c20b0366-8862-43c6-9923-a01f07dffe41,
UC302-IA,ed6a42df-ad3a-476c-b889-07f1e4131219,
KK350-IA,9e74349e-488d-4919-8740-eec875960e0e,
B304-IA,6a8bce1d-5d38-45f2-b431-00115eb8c7c3,
C470-IA,655cd661-a631-409c-90c5-b601652edae5,
YK041-IA,2d12c8e7-47ce-4503-a92b-1f033529682d,
RT22-IA,21c5be4c-3a15-4a16-a6be-685ad8d53b4d,
S172-IA,4c732370-d45f-4481-a0e8-d47a6e8f6f81,
UC801-AI,87637b56-e724-46e3-811b-a49924412536,
UC803-IA,aa54349b-34da-4e01-b535-4696a2633fb9,
UC804-IA,05a22eed-380c-4b64-90bd-5df61f55ff24,
YK012-IA,38858b86-a4ad-4728-9d9b-b3ccaa25d5da,
UC906-IA,5b053315-1d04-4202-8788-0f16b007ed8f,
CS20-IA,76be718c-7b2c-44a8-964b-9062600cb244,
PW50-IA,3189d79a-4e56-4fdf-858a-98ab3a1cbe75,
RT22-MC,84dbd59b-e1fb-4e1d-b896-c5ef11ee80fe,
B304-MC,141070ac-602c-49db-a76f-a9864c6789bc,
UC804-MC,8e283580-eb89-4683-ae9a-7b261379bb4e,
UC807-MC,ec389e59-21cf-4032-ab5c-ac1a5264f4f8,
CK88-MC,7d6f2a56-cecd-4f33-8eae-02c97c1e935d,
UC906-MC,481fbe3b-392e-402a-976d-0fa811b1a8ae,
344-MC,e0b27c37-e937-48cf-ad03-f53edd16dff2,
S414,21b8be20-336d-4ca3-a9e4-378b3b5b15c6,
FW02-CH,5ed4bd52-d69c-47a5-8822-bba7b59018f2,
APKHT-CH,b36e7153-fb08-460f-adf9-0fb63f0cd122,
A150-CH,4a704708-6db1-4598-b0d1-79cb9aac7d7b,
P301-CH,a93367da-6f8f-4449-a93f-91bf075fe97b,
ST40-CH,18ab90ff-5ca9-43ee-af6c-ee489a3072eb,
PW37-CH,afdc6321-1c40-463a-9e59-abe7146fd862,
R121A-CH,81f5a0bd-669e-46aa-8246-5e815575312e,
UC108-CH,10cdd836-a863-49d3-99d9-2c35cc771070,
UC106-CH,8b662653-97be-43b9-8f32-46ab2c5ae593,
UC203-CH,a3c2393c-6f71-4828-ab7b-f5923311f2db,
UC315-CH,c07fab54-290f-4d23-9366-21f20cf66a97,
UC801-CH,0c29a9e2-075c-4410-bee9-8b2c0adc5d36,
UC801HS-CH,5476976c-5aa0-447a-9e17-e14abacb64f6,
UC8034-CH,1d65276f-1ebe-4118-8ffb-4fa7b5e98129,
UC801SD-CH,0ec95834-a793-4b16-bc73-349598d63ef4,
UC203-GAP,65308543-cd21-4a7f-a025-690d9fbd3917,
UC302-GAP,c45d494b-9d81-4449-9808-d763faeeea40,
UC509-GAP,ef231f6e-9507-4aec-bdc6-ac96b28f6cf4,
UC108-GAP,c9e6af66-c02a-4a72-96ec-6b5c8f51dcb3,
UC509-GAPE,f8099972-4de9-49e5-8d1f-44e98ccd9892,
UC302-GAPE,8f844390-337e-427f-97d3-ac320615536f,
N15,0971c928-e558-4024-a328-1f9cbf442424,
MMXX,aea26b04-2ad8-4b0d-8a6b-eb337b648643,
UC108-AM,75190fcc-d945-49ae-841c-e5712f67401e,
UC602-AM,a40be110-95bb-4262-a265-df6973e44e3e,
UC302-AM,12fad23c-ee56-4992-bc8f-a29d56590dbf,
UC801-AM,765e1e07-13fe-46c3-b69e-2addb5318d42,
UC611-AM,3555e6af-8df3-4b0c-8b82-49cb02d81d24,
UC807-AM,81ac0171-fae8-47eb-986a-2b78219f335e,
ORN1,fe86c63a-4b2c-46ab-a402-7b983bfafa1d,
FT54,bc02958a-eac6-4a43-bce4-29cffd01ad39,
FW31,1794837a-92be-4fee-9f5c-78b8d3a8a923,
822,a6997b93-c31a-4138-a8ce-bb49424429e0,
8740-GR,9ed9d7eb-c2f8-433d-95eb-a992c87072b9,
BC010-GR,e96bd217-8b5e-4ad7-a7e8-92394ed88673,
UC201-GR,8c87fa5a-68df-490e-a6bb-94cff645676f,
UC113-GR,bdbddfb2-0c11-45f5-9560-beaa112a7282,
92-670,#N/A,
PR657,b3e2f06f-3f97-4a56-9652-86b6273f13df,
KK361,bf4a8d93-45b5-4649-98fb-6464a1566933,
HV020,#N/A,
SS014,5f44de62-a37c-4338-ae80-135b51d8430a,
PR176,#N/A,
YK009,99708269-791b-4348-a707-aa89d2dd11ca,
H725,73c751f0-903b-4418-b019-1d9761555a8b,
HV016,#N/A,
NF990,dfc60b46-de9b-4e01-82fd-e4e7047acde9,
4117,cdbad2cc-5737-41ba-a0e2-5ca66e576bac,
MMB39,3f6f6142-3f1e-422d-83f5-02a720f58f8e,
F14,ab05aad9-7c96-44aa-ae78-3c3e7ee60b62,
FC21,635c4f43-1845-4a62-a065-8b213db7df3e,
FW21,b2958e9b-62c8-4698-84ea-45196a23f5c4,
GM077,4aea50fd-4bdf-4ea6-a404-2295c78f542d,
SW34,329959d1-3ab7-4788-80b1-7406a5a62a19,
FW02-SG,d311bf98-1839-4990-8af2-21358daa7139,
TITMERCURY-SG,b01ef9a1-9362-4051-93f2-d1896d91b689,
FW14-SG,5f2d99a1-c9df-490d-9ad1-dc6766650897,
TITRADON-SG,1352e4fa-2ed9-436e-8af3-0312c8332ffb,
TITRADEBE-SG,826d8852-6a8d-4c09-8601-5f246624234c,
SS628SM-SG,c8a0011c-96d7-422f-bc56-be59ad56684e,
TITCHELSEA-SG,b557213d-5b01-43e8-b414-2f7856edd562,
PR124,#N/A,
FF107-SG,93226f53-9bf5-45bd-b1f1-91b6404246cb,
FW10-SG,4a16a1f8-2d94-4cc3-ba80-4b6b37ec534f,
FC14-SG,be518fee-59c4-4941-89f1-085d0b87d3a2,
TITJOGGER-SG,e28ff125-8a51-47a0-844a-aacd270fd996,
FT54-SG,0ed89236-02ca-448e-a49a-9ab9375420e4,
ELLALILY-SG,7652644c-5dce-4ec6-b3c2-962bb5056907,
TITHIKER-SG,656581cd-f78b-43d0-b403-43aa0a7a7936,
FW26-SG,1c169aeb-a54f-474a-8a69-0102127f1a54,
8500-15,55f61d9a-8bd0-4b83-905e-11ea45937a79,
214,2901dfdc-c094-4674-ad13-a0653a0a0036,
914,a39a1d22-ac46-44f6-aa4a-59867f923faa,
UC604-BWS,256d0638-af52-427f-bd81-92907fde4562,
715,296f6f88-e84c-4fd4-9e7f-68ad9a64843c,
APDAKOTA,2ac9d477-1d52-401d-b05f-f1d5eaf3b563,
APRANGER,d7226bf1-ede6-4154-b6bd-3444e8efdcef,
FM3,463c2714-e9e7-40a7-8389-5ab4090a17a4,
RT46,8e2e4322-eee7-400f-844d-0dbf8895d474,
S493,69df6321-6aca-4ef3-8942-7f113398638f,
J539M-IT,#N/A,
R147X,#N/A,
